City_ID,City,Cloudiness,Country,Date,Humidity,Lat,Lng,Max Temp,Wind Speed
0,Port Hedland,90,AU,10/29/2020,93,59.7,30.79,45,4.47
1,New Norfolk,20,AU,10/29/2020,30,33.28,134.15,68,3.36
2,Taolanaro,98,MG,10/29/2020,74,5.89,95.32,82.31,10.65
3,Mount Gambier,63,AU,10/29/2020,76,3.07,172.79,82.58,19.42
4,Mahebourg,100,MU,10/29/2020,85,63.29,18.72,33.8,2.24
5,Palabuhanratu,2,ID,10/29/2020,86,63.92,127.47,-6,2.86
6,Port Elizabeth,100,ZA,10/29/2020,76,65.09,12.37,48.2,13.87
7,Yulara,0,AU,10/29/2020,64,21.23,81.63,69.8,3.36
8,Busselton,98,AU,10/29/2020,91,51.65,84.32,31.62,2.75
9,Bambous Virieux,100,MU,10/29/2020,81,54.72,135.31,36.01,3.62
10,Maumere,90,ID,10/29/2020,93,59.7,30.79,45,4.47
11,Honiara,63,SB,10/29/2020,76,3.07,172.79,82.58,19.42
12,Taolanaro,75,MG,10/29/2020,78,69.49,88.4,14,29.08
13,Hokitika,75,NZ,10/29/2020,94,15.22,102.49,84,9.17
14,Hithadhoo,49,MV,10/29/2020,62,32.76,12.57,68.76,5.68
15,Busselton,29,AU,10/29/2020,70,46.68,113.28,36.99,19.1
16,Ulladulla,87,AU,10/29/2020,85,9.23,29.83,73.72,2.17
17,Hobart,20,AU,10/29/2020,53,43.32,145.57,51.8,9.17
18,Mahebourg,86,MU,10/29/2020,97,53.03,5.66,57,1.99
19,Hermanus,0,ZA,10/29/2020,85,49.71,72.59,19.4,2.24
20,Busselton,100,AU,10/29/2020,84,53.97,121.97,28.94,8.9
21,Bredasdorp,20,ZA,10/29/2020,72,78.22,15.64,17.6,1.12
22,Sambava,73,MG,10/29/2020,96,58.66,6.72,45,2.1
23,Dunedin,100,NZ,10/29/2020,52,40.28,97.2,44.17,19.22
24,Busselton,94,AU,10/29/2020,65,47.89,134.95,45.61,10.22
25,Te Anau,100,NZ,10/29/2020,97,66.83,70.83,34.29,15.37
26,Busselton,69,AU,10/29/2020,73,45.23,147.88,46.27,24
27,Bredasdorp,66,ZA,10/29/2020,67,-2.63,115.23,89.35,1.25
28,Hobart,100,AU,10/29/2020,96,59.58,151.28,32.49,12.37
29,Port Alfred,97,ZA,10/29/2020,97,2.18,22.47,70.97,1.36
30,New Norfolk,60,AU,10/29/2020,84,9.49,50.81,76.21,9.26
31,Port Elizabeth,100,ZA,10/29/2020,96,70.63,147.92,10.09,7.63
32,Port Lincoln,0,AU,10/29/2020,76,47.8,67.71,35.65,6.93
33,Hermanus,37,ZA,10/29/2020,94,71.04,27.85,30.83,9.44
34,Hobart,73,AU,10/29/2020,60,18.42,84.05,78.39,6.2
35,Vao,100,NC,10/29/2020,72,-2.57,150.8,83.53,5.97
36,Te Anau,100,NZ,10/29/2020,93,60.73,56.72,33.82,10.42
37,Taolanaro,100,MG,10/29/2020,72,13.05,123.3,84.7,9.19
38,Geraldton,34,AU,10/29/2020,52,30.29,120.16,70,5.01
39,Hobart,99,AU,10/29/2020,96,56.02,29.93,46.42,4.14
40,Bambous Virieux,75,MU,10/29/2020,57,28.37,129.48,77,24.16
41,Busselton,100,AU,10/29/2020,90,50.6,97.52,24.78,8.9
42,Hermanus,53,ZA,10/29/2020,93,70.86,29.09,31.44,10.18
43,Tairua,0,NZ,10/29/2020,38,17.02,54.09,73.4,3.36
44,Tuatapere,63,NZ,10/29/2020,76,3.07,172.79,82.58,19.42
45,Albany,0,AU,10/29/2020,41,36.21,57.68,39.2,9.17
46,Hambantota,0,LK,10/29/2020,85,71.97,102.5,-10.44,5.91
47,Busselton,0,AU,10/29/2020,93,39.57,2.65,54,4.7
48,Namibe,75,AO,10/29/2020,75,53.05,158.65,41,6.71
49,Saint-Leu,100,RE,10/29/2020,90,68.75,161.3,7.74,5.12
50,Hobart,100,AU,10/29/2020,97,69.7,170.31,19.99,7.4
51,Hobart,100,AU,10/29/2020,96,61.2,62.84,31.98,8.61
52,Port Alfred,0,ZA,10/29/2020,43,22.27,-101.97,56.73,10.92
53,Soavinandriana,20,MG,10/29/2020,48,34.98,139.87,64.99,19.46
54,Saint-Philippe,98,RE,10/29/2020,91,62.88,152.43,14.45,2.64
55,Port Elizabeth,16,ZA,10/29/2020,75,56,8.13,46.99,9.66
56,Kruisfontein,100,ZA,10/29/2020,97,69.7,170.31,19.99,7.4
57,Port Alfred,91,ZA,10/29/2020,95,5.4,26.49,68.47,2.73
58,Busselton,97,AU,10/29/2020,96,73.51,80.55,14.59,27.04
59,Northam,3,AU,10/29/2020,83,71.92,114.08,-2.2,6.17
60,Bredasdorp,20,ZA,10/29/2020,72,78.22,15.64,17.6,1.12
61,Albany,98,AU,10/29/2020,93,58.84,125.49,13.17,2.62
62,Umzimvubu,1,ZA,10/29/2020,100,57.64,18.3,46.4,3.36
63,Esperance,75,AU,10/29/2020,94,57.64,32.47,43.88,3.65
64,Hobart,100,AU,10/29/2020,63,31.86,117.28,64.4,6.71
65,Alice Springs,100,AU,10/29/2020,60,35.41,116.58,62.83,10.04
66,Mount Gambier,0,AU,10/29/2020,67,13.49,106.98,85.6,7.29
67,Brebes,38,ID,10/29/2020,70,53.57,142.95,39.67,7.72
68,Yulara,100,AU,10/29/2020,97,69.7,170.31,19.99,7.4
69,Bambous Virieux,0,MU,10/29/2020,33,36.56,104.21,44.6,2.24
70,Albany,3,AU,10/29/2020,83,71.92,114.08,-2.2,6.17
71,Te Anau,100,NZ,10/29/2020,92,50.68,156.12,40.37,39.26
72,Sorong,100,ID,10/29/2020,95,49.93,116.87,30.34,17.43
73,Taolanaro,40,MG,10/29/2020,63,36.1,120.37,64.4,13.42
74,Souillac,63,MU,10/29/2020,76,3.07,172.79,82.58,19.42
75,Kununurra,0,AU,10/29/2020,39,-8.93,125.41,80.38,4
76,Bambous Virieux,100,MU,10/29/2020,95,71.69,128.87,7.32,3.96
77,Port Alfred,0,ZA,10/29/2020,48,43.8,87.6,44.6,2.24
78,Bluff,5,NZ,10/29/2020,77,39.93,9.66,60.8,6.93
79,Port Lincoln,100,AU,10/29/2020,95,71.69,128.87,7.32,3.96
80,Bluff,20,NZ,10/29/2020,48,35.73,140.83,66,14.99
81,Victoria,0,SC,10/29/2020,64,42.9,71.37,33.8,1.74
82,Saldanha,90,ZA,10/29/2020,93,59.7,30.79,45,4.47
83,Port Alfred,0,ZA,10/29/2020,28,32.87,59.22,32,6.93
84,Omboue,100,GA,10/29/2020,95,69.3,139.9,2.28,2.28
85,New Norfolk,69,AU,10/29/2020,94,69.38,178.42,18.59,16.11
86,Bambous Virieux,100,MU,10/29/2020,97,65.98,60.31,36.03,13.24
87,Grand River South East,0,MU,10/29/2020,63,70.66,23.68,30.2,28.86
88,Port Alfred,0,ZA,10/29/2020,85,71.97,102.5,-10.44,5.91
89,Southbridge,100,NZ,10/29/2020,81,-0.91,122.88,77.92,6.29
90,Kununurra,90,AU,10/29/2020,100,29.39,106.52,63,4.47
91,Kisiwani,97,TZ,10/29/2020,96,73.51,80.55,14.59,27.04
92,New Norfolk,100,AU,10/29/2020,92,50.68,156.12,40.37,39.26
93,Albany,20,AU,10/29/2020,54,41.29,141.22,59,9.17
94,Grand River South East,0,MU,10/29/2020,85,71.97,102.5,-10.44,5.91
95,Batemans Bay,0,AU,10/29/2020,67,14.2,43.32,79.56,1.12
96,Albany,100,AU,10/29/2020,96,51.31,119.61,27.36,16.4
97,Lolua,75,TV,10/29/2020,78,69.49,88.4,14,29.08
98,Bengkulu,75,ID,10/29/2020,80,20.15,92.9,79.99,6.46
99,Hermanus,100,ZA,10/29/2020,90,68.75,161.3,7.74,5.12
100,Busselton,20,AU,10/29/2020,72,78.22,15.64,17.6,1.12
101,Albany,60,AU,10/29/2020,69,11.28,49.18,80.35,5.14
102,Umzimvubu,21,ZA,10/29/2020,84,64.57,143.2,-0.8,2.64
103,Taolanaro,94,MG,10/29/2020,74,52.42,60.34,37.76,8.84
104,Kaitangata,100,NZ,10/29/2020,92,50.68,156.12,40.37,39.26
105,Karratha,20,AU,10/29/2020,45,33.36,129.55,68,3.36
106,Saldanha,50,ZA,10/29/2020,94,59.18,61.86,32.67,9.8
107,Broken Hill,81,AU,10/29/2020,79,18.8,110.4,78.49,15.68
108,Beloha,2,MG,10/29/2020,55,38.98,117.38,60.8,4.47
109,Bluff,100,NZ,10/29/2020,69,51.02,45.7,44.01,1.99
110,Cape Town,87,ZA,10/29/2020,91,68.05,39.51,33.53,17.92
111,Albany,0,AU,10/29/2020,85,71.97,102.5,-10.44,5.91
112,Port Macquarie,0,AU,10/29/2020,57,24.09,32.91,72.32,3.11
113,Victoria,100,SC,10/29/2020,70,52.86,46.09,41.68,9.17
114,Kirakira,20,SB,10/29/2020,72,78.22,15.64,17.6,1.12
115,Bengkulu,4,ID,10/29/2020,35,9.7,10.27,74.97,3.91
116,Busselton,45,AU,10/29/2020,63,22.29,114.16,75.99,3
117,Bur Gabo,26,SO,10/29/2020,52,38.93,100.45,44.6,2.44
118,Kupang,0,ID,10/29/2020,41,40.81,114.88,48.61,18.66
119,Henties Bay,58,NA,10/29/2020,59,25.12,114.3,74.37,4.45
120,Carnarvon,97,AU,10/29/2020,96,73.51,80.55,14.59,27.04
121,Luderitz,0,NA,10/29/2020,46,38.78,63.88,32,4.7
122,Tamasane,32,BW,10/29/2020,51,41.76,86.15,45.73,5.86
123,Albany,20,AU,10/29/2020,72,78.22,15.64,17.6,1.12
124,Hermanus,100,ZA,10/29/2020,92,50.68,156.12,40.37,39.26
125,Albany,92,AU,10/29/2020,97,60.47,166.1,30.25,2.1
126,Cape Town,0,ZA,10/29/2020,80,18.39,42.45,55.4,0.54
127,Albany,81,AU,10/29/2020,70,62.58,6.13,48.2,11.41
128,Potchefstroom,0,ZA,10/29/2020,63,71,24.66,30.2,28.86
129,Bluff,53,NZ,10/29/2020,93,70.86,29.09,31.44,10.18
130,Hobart,20,AU,10/29/2020,48,35.73,140.83,66,14.99
131,Taolanaro,0,MG,10/29/2020,24,13.98,10.27,80.01,5.99
132,Busselton,0,AU,10/29/2020,30,19.75,10.25,65.88,11.7
133,New Norfolk,0,AU,10/29/2020,58,22.57,59.53,76.98,10.63
134,Amberley,0,NZ,10/29/2020,27,31.9,54.37,50,4.7
135,Mahebourg,100,MU,10/29/2020,85,56.26,51.28,36.86,6.06
136,Kruisfontein,0,ZA,10/29/2020,39,-8.93,125.41,80.38,4
137,Kirkwood,69,ZA,10/29/2020,94,69.38,178.42,18.59,16.11
138,Port Alfred,90,ZA,10/29/2020,86,57.94,55.33,37.4,8.95
139,Marovoay,13,MG,10/29/2020,62,36,45.89,42.8,2.01
140,Bredasdorp,92,ZA,10/29/2020,70,-2.02,147.27,84.27,1.3
141,Albany,80,AU,10/29/2020,88,63.05,179.32,23.31,13.6
142,Eenhana,100,NA,10/29/2020,89,60.42,134.53,6.24,2.73
143,Cap Malheureux,100,MU,10/29/2020,90,50.6,97.52,24.78,8.9
144,Matara,0,LK,10/29/2020,94,9.25,0.78,69.8,1.97
145,Hobart,0,AU,10/29/2020,16,29.97,40.21,59,4.7
146,Bredasdorp,100,ZA,10/29/2020,85,51.5,156.52,40.93,27.31
147,Mount Isa,100,AU,10/29/2020,95,71.69,128.87,7.32,3.96
148,Bluff,98,NZ,10/29/2020,63,5.56,95.32,85.44,7.7
149,Te Anau,20,NZ,10/29/2020,48,35.73,140.83,66,14.99
150,Oranjemund,3,NA,10/29/2020,83,71.92,114.08,-2.2,6.17
151,Yulara,97,AU,10/29/2020,96,73.51,80.55,14.59,27.04
152,Bluff,100,NZ,10/29/2020,73,45.76,106.27,30.87,19.08
153,Albany,97,AU,10/29/2020,88,66.77,123.37,-9.33,0.74
154,Bengkulu,100,ID,10/29/2020,59,-2.67,141.3,85.57,4.72
155,Yulara,100,AU,10/29/2020,74,0.53,72.93,83.19,10.29
156,Port Elizabeth,99,ZA,10/29/2020,84,46.49,135.88,38.8,3.58
157,Inhambane,40,MZ,10/29/2020,79,10.57,72.64,84.2,4.7
158,Busselton,75,AU,10/29/2020,94,16.07,108.22,78.8,5.82
159,Richards Bay,0,ZA,10/29/2020,40,32.66,51.68,37.4,4.7
160,East London,0,ZA,10/29/2020,64,9.61,6.56,75.2,4.7
161,Albany,37,AU,10/29/2020,69,1.17,108.97,85.1,7.18
162,Bluff,5,NZ,10/29/2020,97,64,44.45,30.67,5.86
163,Bredasdorp,28,ZA,10/29/2020,64,39.64,34.47,56.21,3.65
164,Busselton,100,AU,10/29/2020,90,51.39,109.87,27.01,9.55
165,Albany,0,AU,10/29/2020,48,20.9,70.37,80.96,7.58
166,Busselton,100,AU,10/29/2020,97,53.46,85.45,33.55,10.63
167,Kaitangata,92,NZ,10/29/2020,70,-2.02,147.27,84.27,1.3
168,Cape Town,69,ZA,10/29/2020,94,69.38,178.42,18.59,16.11
169,Broome,0,AU,10/29/2020,77,47.47,84.87,36.05,1.19
170,Hermanus,98,ZA,10/29/2020,80,50.61,105.32,32.97,4.68
171,Namibe,95,AO,10/29/2020,81,61.99,5.14,46.99,12.75
172,Albany,100,AU,10/29/2020,98,66.56,67.8,34.39,13.58
173,New Norfolk,0,AU,10/29/2020,98,-34.65,-58.62,59,4.99
174,Grand River South East,55,MU,10/29/2020,91,65.82,87.98,4.51,10.83
175,East London,100,ZA,10/29/2020,93,46.84,32.76,46.4,6.71
176,Bredasdorp,100,ZA,10/29/2020,92,50.68,156.12,40.37,39.26
177,Broome,97,AU,10/29/2020,96,73.51,80.55,14.59,27.04
178,Busselton,100,AU,10/29/2020,68,49.76,129.52,39.72,15.79
179,Esperance,2,AU,10/29/2020,63,49.22,143.12,43.47,3.18
180,Bengkulu,3,ID,10/29/2020,83,71.92,114.08,-2.2,6.17
181,Hermanus,100,ZA,10/29/2020,86,12.22,125.48,81.81,15.19
182,Grand River South East,27,MU,10/29/2020,87,70.37,31.11,34.03,6.8
183,Taolanaro,63,MG,10/29/2020,76,3.07,172.79,82.58,19.42
184,Victoria,92,SC,10/29/2020,70,-2.02,147.27,84.27,1.3
185,Hobart,3,AU,10/29/2020,83,71.92,114.08,-2.2,6.17
186,Jamestown,63,SH,10/29/2020,76,3.07,172.79,82.58,19.42
187,Merauke,0,ID,10/29/2020,33,40.43,71.72,42.8,6.93
188,Dunedin,40,NZ,10/29/2020,62,35.53,134.83,59,2.24
189,East London,63,ZA,10/29/2020,76,3.07,172.79,82.58,19.42
190,Kruisfontein,0,ZA,10/29/2020,70,21.43,39.83,73.33,0.47
191,Mahebourg,59,MU,10/29/2020,100,43.27,-7.54,55.99,7.16
192,Kaitangata,0,NZ,10/29/2020,36,42.27,118.96,52.92,20.78
193,Laela,100,TZ,10/29/2020,93,67.8,130.41,4.26,1.19
194,Kindu,40,CD,10/29/2020,79,10.57,72.64,84.2,4.7
195,Albany,0,AU,10/29/2020,24,22.93,57.53,68.11,3.24
196,Mahebourg,1,MU,10/29/2020,87,62.27,21.38,42.17,5.14
197,Vao,0,NC,10/29/2020,98,-34.65,-58.62,59,4.99
198,Gatton,0,AU,10/29/2020,40,14.4,46.47,61.75,2.37
199,Port Alfred,91,ZA,10/29/2020,95,5.4,26.49,68.47,2.73
200,Manggar,32,ID,10/29/2020,51,41.76,86.15,45.73,5.86
201,Albany,27,AU,10/29/2020,87,70.37,31.11,34.03,6.8
202,Mount Gambier,100,AU,10/29/2020,97,69.7,170.31,19.99,7.4
203,Lolua,0,TV,10/29/2020,35,38.41,112.73,53.67,9.22
204,Phalaborwa,3,ZA,10/29/2020,83,71.92,114.08,-2.2,6.17
205,Albany,100,AU,10/29/2020,70,62.65,8.72,44.6,6.93
206,Bluff,80,NZ,10/29/2020,100,31.61,34.76,72,1.99
207,Sydney,64,AU,10/29/2020,93,59.36,5.22,41,2.24
208,Namibe,0,AO,10/29/2020,38,17.02,54.09,73.4,3.36
209,Bengkulu,100,ID,10/29/2020,90,68.75,161.3,7.74,5.12
210,Taolanaro,90,MG,10/29/2020,100,51.73,39.15,44.6,2.24
211,Saint-Joseph,20,RE,10/29/2020,72,78.22,15.64,17.6,1.12
212,Albany,59,AU,10/29/2020,61,43.93,141.64,50.07,7.47
213,Hobart,100,AU,10/29/2020,68,48.6,133.82,42.42,9.48
214,Luderitz,21,NA,10/29/2020,87,10.7,37.07,53.42,5.23
215,Moree,100,AU,10/29/2020,95,69.3,139.9,2.28,2.28
216,Hithadhoo,3,MV,10/29/2020,83,71.92,114.08,-2.2,6.17
217,Hermanus,68,ZA,10/29/2020,66,31.21,16.59,69.87,10.69
218,Kavieng,38,PG,10/29/2020,70,53.57,142.95,39.67,7.72
219,Bredasdorp,67,ZA,10/29/2020,73,20.45,121.97,77.22,29.89
220,Busselton,12,AU,10/29/2020,53,36.38,33.93,65.34,2.35
221,Port Alfred,19,ZA,10/29/2020,71,5.67,73,82.31,5.44
222,Port Alfred,20,ZA,10/29/2020,48,35.73,140.83,66,14.99
223,Koulamoutou,6,GA,10/29/2020,76,20.86,92.31,82.36,4.74
224,Fianarantsoa,0,MG,10/29/2020,44,37.35,59.61,47.77,6.38
225,Hobart,100,AU,10/29/2020,96,59.58,151.28,32.49,12.37
226,Bambous Virieux,20,MU,10/29/2020,48,35.73,140.83,66,14.99
227,Ulladulla,0,AU,10/29/2020,39,-8.93,125.41,80.38,4
228,Hithadhoo,88,MV,10/29/2020,78,5.35,48.53,80.49,8.21
229,Caconda,93,AO,10/29/2020,76,25.52,90.22,79.66,2.77
230,Hobart,98,AU,10/29/2020,96,61.92,63.02,30.63,8.84
231,East London,100,ZA,10/29/2020,97,60.12,64.78,31.32,9.75
232,Busselton,97,AU,10/29/2020,96,73.51,80.55,14.59,27.04
233,Bundaberg,100,AU,10/29/2020,75,11.14,123.72,82.94,11.07
234,Te Anau,21,NZ,10/29/2020,84,64.57,143.2,-0.8,2.64
235,Busselton,100,AU,10/29/2020,90,50.32,29.06,40.96,6.24
236,Albany,0,AU,10/29/2020,50,22.5,82.55,73.6,7.31
237,Mount Isa,73,AU,10/29/2020,94,56.85,124.91,18.07,2.17
238,Hermanus,90,ZA,10/29/2020,93,59.7,30.79,45,4.47
239,Luderitz,97,NA,10/29/2020,96,73.51,80.55,14.59,27.04
240,Morondava,0,MG,10/29/2020,49,16.15,36.2,78.85,7.36
241,Bukama,100,CD,10/29/2020,98,66.56,67.8,34.39,13.58
242,Hermanus,97,ZA,10/29/2020,68,35.3,37.18,59.9,3.09
243,Luderitz,100,NA,10/29/2020,96,57.26,103.75,21.74,5.53
244,Portland,95,AU,10/29/2020,94,61.33,40.09,37.35,8.63
245,Bluff,45,NZ,10/29/2020,63,22.29,114.16,75.99,3
246,Hithadhoo,95,MV,10/29/2020,77,3.3,117.63,82.76,11.25
247,Karratha,90,AU,10/29/2020,84,66.42,112.4,1.4,2.24
248,Kavieng,63,PG,10/29/2020,76,3.07,172.79,82.58,19.42
249,Busselton,0,AU,10/29/2020,95,65.2,31.17,28.76,3.06
250,Cape Town,65,ZA,10/29/2020,93,58.1,27.46,46.4,4.7
251,Banjar,20,ID,10/29/2020,65,24.8,125.28,78.8,16.11
252,Albany,0,AU,10/29/2020,55,42.8,93.45,42.89,6.15
253,Bredasdorp,73,ZA,10/29/2020,60,18.42,84.05,78.39,6.2
254,Carnarvon,63,AU,10/29/2020,76,3.07,172.79,82.58,19.42
255,Henties Bay,40,NA,10/29/2020,61,24.34,124.16,80.6,17.22
256,Hermanus,100,ZA,10/29/2020,95,69.3,139.9,2.28,2.28
257,Nikolskoye,91,RU,10/29/2020,78,-21.21,-159.78,75.2,12.75
258,Muroto,75,JP,10/29/2020,76,-54.8,-68.3,48.2,16.11
259,Belushya Guba,61,RU,10/29/2020,75,-9.8,-139.03,77.83,11.77
260,Sabang,0,ID,10/29/2020,63,-23.12,-134.97,76.15,0.98
261,Butaritari,76,KI,10/29/2020,69,-30.18,-50.21,63.23,9.71
262,Ornskoldsvik,75,SE,10/29/2020,76,-54.8,-68.3,48.2,16.11
263,Fevralsk,84,RU,10/29/2020,92,-0.74,-90.35,70,5.99
264,Sangar,0,RU,10/29/2020,63,-23.12,-134.97,76.15,0.98
265,Sentyabrskiy,90,RU,10/29/2020,86,42.1,-79.24,35.01,9.17
266,Terrak,0,NO,10/29/2020,63,-23.12,-134.97,76.15,0.98
267,Raipur,99,IN,10/29/2020,88,-5.09,-81.11,62.74,10.25
268,Soloneshnoye,75,RU,10/29/2020,76,-54.8,-68.3,48.2,16.11
269,Chumikan,90,RU,10/29/2020,86,42.1,-79.24,35.01,9.17
270,Nikolskoye,90,RU,10/29/2020,82,-13.7,-76.22,64.4,2.24
271,Butaritari,91,KI,10/29/2020,78,-21.21,-159.78,75.2,12.75
272,Sentyabrskiy,90,RU,10/29/2020,86,42.1,-79.24,35.01,9.17
273,Talnakh,100,RU,10/29/2020,89,-46.19,168.86,54,13
274,Phimai,20,TH,10/29/2020,61,39.95,-75.16,43,9.17
275,Belushya Guba,0,RU,10/29/2020,63,-23.12,-134.97,76.15,0.98
276,Surman,100,LY,10/29/2020,93,-24.79,-50.01,51.76,10
277,Baruun-Urt,40,MN,10/29/2020,74,-21.2,-175.2,78.8,9.17
278,Bentiu,0,SD,10/29/2020,63,-23.12,-134.97,76.15,0.98
279,Sneek,0,NL,10/29/2020,63,-23.12,-134.97,76.15,0.98
280,Shakhtinsk,51,KZ,10/29/2020,86,-17.71,-39.25,75.27,7.05
281,Yerofey Pavlovich,39,RU,10/29/2020,87,-19.33,-45.24,70.93,7.63
282,Longyearbyen,100,SJ,10/29/2020,89,-46.19,168.86,54,13
283,Tonstad,90,NO,10/29/2020,86,42.1,-79.24,35.01,9.17
284,Yumen,0,CN,10/29/2020,63,-23.12,-134.97,76.15,0.98
285,Khor,40,QA,10/29/2020,88,-7.26,-34.91,77,5.82
286,Yar-Sale,90,RU,10/29/2020,78,-19.06,-169.92,77,16.11
287,Kurilsk,40,RU,10/29/2020,74,-21.2,-175.2,78.8,9.17
288,Tabat,0,SD,10/29/2020,60,-28.57,-70.76,56.46,0.56
289,Ola,100,RU,10/29/2020,89,-46.19,168.86,54,13
290,Bumba,64,CD,10/29/2020,90,-34.48,-54.33,44.44,1.19
291,Bandarbeyla,51,SO,10/29/2020,80,-3.53,-40.66,72.45,2.13
292,Chokurdakh,75,RU,10/29/2020,76,-53.15,-70.92,48.2,6.93
293,Zhezkazgan,36,KZ,10/29/2020,89,-2.6,-43.46,75.24,4.56
294,Mehamn,0,NO,10/29/2020,63,-23.12,-134.97,76.15,0.98
295,Narasannapeta,100,IN,10/29/2020,81,-22.97,-42.03,71.29,26.82
296,Kavieng,0,PG,10/29/2020,81,-38,-57.56,53.01,6.93
297,Nyrob,100,RU,10/29/2020,89,-46.19,168.86,54,13
298,Cagmanaba,84,PH,10/29/2020,92,-0.74,-90.35,70,5.99
299,Hangzhou,75,CN,10/29/2020,76,-53.15,-70.92,48.2,6.93
300,Borujan,100,IR,10/29/2020,89,-46.19,168.86,54,13
301,Nevel,0,RU,10/29/2020,35,-43.3,-65.1,61.45,11.88
302,Kungurtug,61,RU,10/29/2020,75,-9.8,-139.03,77.83,11.77
303,Berlevag,0,NO,10/29/2020,63,-23.12,-134.97,76.15,0.98
304,Urulga,100,RU,10/29/2020,81,-22.97,-42.03,71.29,26.82
305,Salalah,0,OM,10/29/2020,63,-23.12,-134.97,76.15,0.98
306,Butaritari,75,KI,10/29/2020,76,-53.15,-70.92,48.2,6.93
307,Ust-Bolsheretsk,75,RU,10/29/2020,76,-54.8,-68.3,48.2,16.11
308,Sabzevar,75,IR,10/29/2020,76,-54.8,-68.3,48.2,16.11
309,Khatanga,100,RU,10/29/2020,89,-46.19,168.86,54,13
310,Amderma,0,RU,10/29/2020,76,-41.87,-73.82,51.8,8.05
311,Palma,75,ES,10/29/2020,76,-54.8,-68.3,48.2,16.11
312,Petropavlovsk-Kamchatskiy,84,RU,10/29/2020,92,-0.74,-90.35,70,5.99
313,Cherskiy,75,RU,10/29/2020,94,-9.67,-35.74,75.2,2.24
314,Pevek,36,RU,10/29/2020,58,-0.32,102.35,90.79,1.95
315,Belushya Guba,61,RU,10/29/2020,75,-9.8,-139.03,77.83,11.77
316,Malinovskiy,40,RU,10/29/2020,74,-21.2,-175.2,78.8,9.17
317,Loreto,100,PH,10/29/2020,81,-22.97,-42.03,71.29,26.82
318,Tateyama,0,JP,10/29/2020,63,-23.12,-134.97,76.15,0.98
319,Seymchan,0,RU,10/29/2020,66,-33.93,18.42,55.99,19.46
320,Hvide Sande,0,DK,10/29/2020,66,-33.93,18.42,55.99,19.46
321,Pevek,40,RU,10/29/2020,74,-21.2,-175.2,78.8,9.17
322,Obo,100,CF,10/29/2020,93,-24.79,-50.01,51.76,10
323,Dikson,0,RU,10/29/2020,63,-23.12,-134.97,76.15,0.98
324,Saskylakh,99,RU,10/29/2020,89,-7.96,-79.24,61.88,13.06
325,Longyearbyen,75,SJ,10/29/2020,76,-53.15,-70.92,48.2,6.93
326,Sentyabrskiy,100,RU,10/29/2020,96,-21.64,-41.05,72.55,1.19
327,Nizhniy Kuranakh,75,RU,10/29/2020,76,-53.15,-70.92,48.2,6.93
328,Dalinghe,75,CN,10/29/2020,76,-53.15,-70.92,48.2,6.93
329,Belushya Guba,0,RU,10/29/2020,63,-23.12,-134.97,76.15,0.98
330,Visby,0,SE,10/29/2020,66,-33.93,18.42,55.99,19.46
331,Demyansk,0,RU,10/29/2020,46,-42.77,-65.04,60.31,13
332,Belushya Guba,91,RU,10/29/2020,78,-21.21,-159.78,75.2,12.75
333,Hefei,20,CN,10/29/2020,74,5.41,100.34,87.8,5.82
334,Jining,0,CN,10/29/2020,35,-43.3,-65.1,61.45,11.88
335,Lumphat,100,KH,10/29/2020,93,-24.79,-50.01,51.76,10
336,Okha,0,RU,10/29/2020,81,-38,-57.56,53.01,6.93
337,Pevek,91,RU,10/29/2020,78,-21.21,-159.78,75.2,12.75
338,Warqla,40,DZ,10/29/2020,88,-5.2,-35.46,75.2,3.36
339,Baiyin,61,CN,10/29/2020,75,-9.8,-139.03,77.83,11.77
340,Saskylakh,21,RU,10/29/2020,72,-29.14,-59.26,54.16,5.21
341,Severo-Kurilsk,100,RU,10/29/2020,89,-46.19,168.86,54,13
342,Qingdao,100,CN,10/29/2020,89,-46.19,168.86,54,13
343,Butaritari,0,KI,10/29/2020,63,-23.12,-134.97,76.15,0.98
344,Airai,100,PW,10/29/2020,89,-46.19,168.86,54,13
345,Tiksi,90,RU,10/29/2020,86,42.1,-79.24,35.01,9.17
346,Urumqi,75,CN,10/29/2020,76,-53.15,-70.92,48.2,6.93
347,Tortoli,75,IT,10/29/2020,76,-54.8,-68.3,48.2,16.11
348,Tiksi,0,RU,10/29/2020,36,-33.08,-68.47,60.8,11.48
349,Hasaki,1,JP,10/29/2020,58,38.42,-121.42,64.99,2.3
350,Zachagansk,0,KZ,10/29/2020,63,-23.12,-134.97,76.15,0.98
351,Taraz,100,KZ,10/29/2020,89,-46.19,168.86,54,13
352,Barentsburg,0,SJ,10/29/2020,63,-23.12,-134.97,76.15,0.98
353,Nikolskoye,0,RU,10/29/2020,63,-23.12,-134.97,76.15,0.98
354,Birjand,100,IR,10/29/2020,89,-46.19,168.86,54,13
355,Deputatskiy,100,RU,10/29/2020,93,-24.79,-50.01,51.76,10
356,Leningradskiy,75,RU,10/29/2020,76,-54.8,-68.3,48.2,16.11
357,Verkhnyaya Inta,90,RU,10/29/2020,86,42.1,-79.24,35.01,9.17
358,Hammerfest,0,NO,10/29/2020,39,-26.37,-70.05,54.73,2.13
359,Khatanga,36,RU,10/29/2020,57,-14.83,-64.9,70.14,4.47
360,Biak,100,ID,10/29/2020,81,-22.97,-42.03,71.29,26.82
361,Yudong,75,CN,10/29/2020,76,-54.8,-68.3,48.2,16.11
362,Belushya Guba,75,RU,10/29/2020,76,-54.8,-68.3,48.2,16.11
363,Dikson,3,RU,10/29/2020,90,-37.62,-73.65,51.3,12.88
364,Severo-Kurilsk,61,RU,10/29/2020,75,-9.8,-139.03,77.83,11.77
365,Mutsu,100,JP,10/29/2020,81,-22.97,-42.03,71.29,26.82
366,Belushya Guba,90,RU,10/29/2020,86,42.1,-79.24,35.01,9.17
367,Zabid,100,YE,10/29/2020,89,-46.19,168.86,54,13
368,Nerchinskiy Zavod,61,RU,10/29/2020,75,-9.8,-139.03,77.83,11.77
369,Buariki,100,KI,10/29/2020,96,-21.64,-41.05,72.55,1.19
370,Talnakh,0,RU,10/29/2020,31,-43.25,-65.31,61.95,10.13
371,Akyab,40,MM,10/29/2020,74,-21.2,-175.2,78.8,9.17
372,Cherskiy,75,RU,10/29/2020,76,-54.8,-68.3,48.2,16.11
373,Longyearbyen,0,SJ,10/29/2020,81,-38,-57.56,53.01,6.93
374,Bosaso,91,SO,10/29/2020,78,-21.21,-159.78,75.2,12.75
375,Ust-Nera,0,RU,10/29/2020,63,-23.12,-134.97,76.15,0.98
376,Bredy,100,RU,10/29/2020,89,-46.19,168.86,54,13
377,Severo-Kurilsk,0,RU,10/29/2020,93,-34.42,19.23,45,12.28
378,El Faiyum,0,EG,10/29/2020,66,-33.93,18.42,55.99,19.46
379,Hirado,75,JP,10/29/2020,76,-53.15,-70.92,48.2,6.93
380,Sosva,90,RU,10/29/2020,86,42.1,-79.24,35.01,9.17
381,Wanning,100,CN,10/29/2020,89,-46.19,168.86,54,13
382,Xianshuigu,76,CN,10/29/2020,69,-30.18,-50.21,63.23,9.71
383,Krasnoarmeysk,100,KZ,10/29/2020,93,-24.79,-50.01,51.76,10
384,Ostrovnoy,90,RU,10/29/2020,86,42.1,-79.24,35.01,9.17
385,Yirol,90,SD,10/29/2020,86,42.1,-79.24,35.01,9.17
386,Bjala,91,BG,10/29/2020,78,-21.21,-159.78,75.2,12.75
387,Khatanga,90,RU,10/29/2020,86,42.1,-79.24,35.01,9.17
388,Aswan,18,EG,10/29/2020,38,-20.46,-66.83,46.89,6.06
389,Russkiy Kameshkir,6,RU,10/29/2020,77,-16.48,-151.75,78.8,16.35
390,Longyearbyen,0,SJ,10/29/2020,63,-23.12,-134.97,76.15,0.98
391,Yuli,0,TW,10/29/2020,93,-34.42,19.23,45,12.28
392,Victoria,0,SC,10/29/2020,63,-23.12,-134.97,76.15,0.98
393,Zhangye,40,CN,10/29/2020,88,-6.98,-34.83,77,5.82
394,Zhangjiakou,75,CN,10/29/2020,76,-54.8,-68.3,48.2,16.11
395,Xiongzhou,90,CN,10/29/2020,86,42.1,-79.24,35.01,9.17
396,Dikson,100,RU,10/29/2020,84,18.73,-103.68,77.92,2.21
397,Sayat,75,TM,10/29/2020,76,-54.8,-68.3,48.2,16.11
398,Korla,99,CN,10/29/2020,81,-5.56,-80.82,64.58,12.48
399,Artyk,0,RU,10/29/2020,63,-23.12,-134.97,76.15,0.98
400,Longyearbyen,91,SJ,10/29/2020,78,-21.21,-159.78,75.2,12.75
401,Severo-Kurilsk,75,RU,10/29/2020,76,-54.8,-68.3,48.2,16.11
402,Tilichiki,75,RU,10/29/2020,76,-54.8,-68.3,48.2,16.11
403,Faya,3,TD,10/29/2020,90,-37.62,-73.65,51.3,12.88
404,Roald,40,NO,10/29/2020,74,-21.2,-175.2,78.8,9.17
405,Havoysund,0,NO,10/29/2020,66,-33.93,18.42,55.99,19.46
406,Berlevag,61,NO,10/29/2020,75,-9.8,-139.03,77.83,11.77
407,Hasaki,61,JP,10/29/2020,75,-9.8,-139.03,77.83,11.77
408,Agadez,0,NE,10/29/2020,63,-23.12,-134.97,76.15,0.98
409,Sur,75,OM,10/29/2020,76,-53.15,-70.92,48.2,6.93
410,Yazd,100,IR,10/29/2020,96,-21.64,-41.05,72.55,1.19
411,Sosnovka,100,RU,10/29/2020,86,-8.9,-35.15,77.14,10.47
412,Airai,100,PW,10/29/2020,89,-46.19,168.86,54,13
413,Leningradskiy,40,RU,10/29/2020,74,-21.2,-175.2,78.8,9.17
414,Nytva,75,RU,10/29/2020,76,-54.8,-68.3,48.2,16.11
415,Baneh,75,IR,10/29/2020,76,-53.15,-70.92,48.2,6.93
416,Lorengau,40,PG,10/29/2020,88,-5.2,-35.46,75.2,3.36
417,Beringovskiy,40,RU,10/29/2020,74,-21.2,-175.2,78.8,9.17
418,Ust-Maya,84,RU,10/29/2020,92,-0.74,-90.35,70,5.99
419,Bassar,0,TG,10/29/2020,63,-23.12,-134.97,76.15,0.98
420,Sakakah,0,SA,10/29/2020,81,-38,-57.56,53.01,6.93
421,Ozernovskiy,75,RU,10/29/2020,76,-54.8,-68.3,48.2,16.11
422,Tiksi,99,RU,10/29/2020,91,-31.73,-55.98,54.45,9.35
423,Belushya Guba,91,RU,10/29/2020,78,-21.21,-159.78,75.2,12.75
424,Banda Aceh,75,ID,10/29/2020,76,-53.15,-70.92,48.2,6.93
425,Hasaki,0,JP,10/29/2020,38,-45.87,-67.5,59.05,7.52
426,Saskylakh,100,RU,10/29/2020,81,-22.97,-42.03,71.29,26.82
427,Dikson,0,RU,10/29/2020,76,-41.87,-73.82,51.8,8.05
428,Mandalgovi,85,MN,10/29/2020,80,-15.25,-68.17,63.99,1.1
429,Zhigansk,75,RU,10/29/2020,76,-54.8,-68.3,48.2,16.11
430,Vanimo,100,PG,10/29/2020,82,-7.84,-79.15,63.45,6.8
431,Thinadhoo,0,MV,10/29/2020,63,-23.12,-134.97,76.15,0.98
432,Barentsburg,84,SJ,10/29/2020,92,-0.74,-90.35,70,5.99
433,Vostok,75,RU,10/29/2020,76,-53.15,-70.92,48.2,6.93
434,Kavaratti,51,IN,10/29/2020,86,-17.71,-39.25,75.27,7.05
435,Safwah,0,SA,10/29/2020,63,-23.12,-134.97,76.15,0.98
436,Tumannyy,75,RU,10/29/2020,76,-54.8,-68.3,48.2,16.11
437,Da Nang,20,VN,10/29/2020,74,5.41,100.34,87.8,5.82
438,Esfahan,100,IR,10/29/2020,89,-46.19,168.86,54,13
439,Minna,100,NG,10/29/2020,89,-46.19,168.86,54,13
440,Pemangkat,100,ID,10/29/2020,90,-6.4,-48.55,74.66,0.92
441,Karpogory,100,RU,10/29/2020,93,-24.79,-50.01,51.76,10
442,Yerkoy,75,TR,10/29/2020,76,-53.15,-70.92,48.2,6.93
443,Bada,40,RU,10/29/2020,74,-21.2,-175.2,78.8,9.17
444,Veraval,0,IN,10/29/2020,66,-33.93,18.42,55.99,19.46
445,Kytmanovo,91,RU,10/29/2020,78,-21.21,-159.78,75.2,12.75
446,Lorengau,100,PG,10/29/2020,89,-46.19,168.86,54,13
447,Leningradskiy,0,RU,10/29/2020,63,-23.12,-134.97,76.15,0.98
448,Kiverion,90,GR,10/29/2020,86,42.1,-79.24,35.01,9.17
449,Zaysan,0,KZ,10/29/2020,100,-39.81,-73.25,50,2.24
450,Petropavlovka,0,RU,10/29/2020,70,-35.33,-72.42,57.52,7.2
451,Barawe,100,SO,10/29/2020,88,-6.84,-79.93,62.49,14.43
452,Raudeberg,100,NO,10/29/2020,89,-46.19,168.86,54,13
453,Aksarka,100,RU,10/29/2020,89,-46.19,168.86,54,13
454,Moron,90,MN,10/29/2020,86,42.1,-79.24,35.01,9.17
455,Turukhansk,0,RU,10/29/2020,63,-23.12,-134.97,76.15,0.98
456,Aleksandrovka,100,RU,10/29/2020,81,-22.97,-42.03,71.29,26.82
457,Severo-Kurilsk,40,RU,10/29/2020,77,-29.68,-53.81,60.8,10.29
458,Dikson,84,RU,10/29/2020,92,-0.74,-90.35,70,5.99
459,Shirokiy,84,RU,10/29/2020,92,-0.74,-90.35,70,5.99
460,Saskylakh,100,RU,10/29/2020,89,-23.78,-45.36,67.41,3.31
461,Alugan,100,PH,10/29/2020,81,-22.97,-42.03,71.29,26.82
462,Vardo,0,NO,10/29/2020,81,-38,-57.56,53.01,6.93
463,Barentsburg,100,SJ,10/29/2020,89,-46.19,168.86,54,13
464,Butaritari,98,KI,10/29/2020,91,7.77,-72.22,68.07,1.74
465,Amderma,0,RU,10/29/2020,93,-34.42,19.23,45,12.28
466,Lorengau,90,PG,10/29/2020,94,-20.33,-40.29,75.2,5.82
467,Saskylakh,40,RU,10/29/2020,74,-21.2,-175.2,78.8,9.17
468,Butaritari,99,KI,10/29/2020,80,-32.03,-52.1,59,1.01
469,Komsomolskiy,0,RU,10/29/2020,63,-23.12,-134.97,76.15,0.98
470,Sofiysk,90,RU,10/29/2020,86,42.1,-79.24,35.01,9.17
471,Toyooka,100,JP,10/29/2020,93,-24.79,-50.01,51.76,10
472,Butaritari,90,KI,10/29/2020,87,-29.95,-71.34,53.6,5.82
473,Mecca,75,SA,10/29/2020,76,-54.8,-68.3,48.2,16.11
474,Bereda,0,SO,10/29/2020,93,-34.42,19.23,45,12.28
475,Chifeng,75,CN,10/29/2020,76,-53.15,-70.92,48.2,6.93
476,Batagay-Alyta,0,RU,10/29/2020,81,-38,-57.56,53.01,6.93
477,Kavaratti,100,IN,10/29/2020,89,-46.19,168.86,54,13
478,Nizwa,0,OM,10/29/2020,63,-23.12,-134.97,76.15,0.98
479,Moron,100,MN,10/29/2020,89,-46.19,168.86,54,13
480,Marzuq,75,LY,10/29/2020,76,-54.8,-68.3,48.2,16.11
481,Obo,20,CF,10/29/2020,65,-17.57,-149.87,82.4,11.41
482,Korla,0,CN,10/29/2020,66,-33.93,18.42,55.99,19.46
483,Vardo,75,NO,10/29/2020,76,-54.8,-68.3,48.2,16.11
484,Pevek,100,RU,10/29/2020,89,-46.19,168.86,54,13
485,Xinzhou,0,CN,10/29/2020,63,-23.12,-134.97,76.15,0.98
486,Saskylakh,0,RU,10/29/2020,63,-23.12,-134.97,76.15,0.98
487,Groa,100,NO,10/29/2020,89,-46.19,168.86,54,13
488,Gat,0,LY,10/29/2020,74,-38.55,-58.74,51.01,7
489,Visnes,90,NO,10/29/2020,94,-20.33,-40.29,75.2,5.82
490,Salalah,84,OM,10/29/2020,92,-0.74,-90.35,70,5.99
491,Cherskiy,100,RU,10/29/2020,89,-46.19,168.86,54,13
492,Barentsburg,90,SJ,10/29/2020,86,42.1,-79.24,35.01,9.17
493,Podgornoye,100,RU,10/29/2020,81,-22.97,-42.03,71.29,26.82
494,Tamboesti,75,RO,10/29/2020,76,-54.8,-68.3,48.2,16.11
495,Longyearbyen,0,SJ,10/29/2020,63,-23.12,-134.97,76.15,0.98
496,Rumoi,100,JP,10/29/2020,89,-46.19,168.86,54,13
497,Smidovich,20,RU,10/29/2020,65,-17.5,-149.77,82.4,11.41
498,Bure,99,ET,10/29/2020,81,-5.56,-80.82,64.58,12.48
499,Deputatskiy,100,RU,10/29/2020,94,-6.22,-57.75,73.22,1.45
500,Nizhneyansk,100,RU,10/29/2020,93,-24.79,-50.01,51.76,10
501,Saskylakh,99,RU,10/29/2020,87,-33.7,-53.46,53.35,5.73
502,Surt,100,LY,10/29/2020,89,-46.19,168.86,54,13
503,Okha,40,RU,10/29/2020,74,-21.2,-175.2,78.8,9.17
504,Basco,0,PH,10/29/2020,93,-34.42,19.23,45,12.28
505,Silifke,0,TR,10/29/2020,81,-38,-57.56,53.01,6.93
506,Ugoofaaru,75,MV,10/29/2020,76,-54.8,-68.3,48.2,16.11
507,Hasaki,0,JP,10/29/2020,62,-45.58,-72.07,53.6,1.12
508,Teknaf,90,BD,10/29/2020,87,-29.95,-71.34,53.6,5.82
509,Kaka,0,TM,10/29/2020,63,-23.12,-134.97,76.15,0.98
510,Babanusah,0,SD,10/29/2020,69,-15.46,-55.75,78.8,3.36
511,Ola,99,RU,10/29/2020,87,-33.7,-53.46,53.35,5.73
512,Hasaki,84,JP,10/29/2020,92,-0.74,-90.35,70,5.99
513,Airai,0,PW,10/29/2020,63,-23.12,-134.97,76.15,0.98
514,Hobyo,75,SO,10/29/2020,76,-54.8,-68.3,48.2,16.11
515,Tura,0,RU,10/29/2020,66,-33.93,18.42,55.99,19.46
516,Agirish,75,RU,10/29/2020,76,-54.8,-68.3,48.2,16.11
517,Uray,0,RU,10/29/2020,63,-23.12,-134.97,76.15,0.98
518,Dikson,100,RU,10/29/2020,93,-24.79,-50.01,51.76,10
519,Kadykchan,0,RU,10/29/2020,63,-23.12,-134.97,76.15,0.98
520,Sulangan,0,PH,10/29/2020,63,-23.12,-134.97,76.15,0.98
521,Ust-Nera,84,RU,10/29/2020,92,-0.74,-90.35,70,5.99
522,Korostyshiv,90,UA,10/29/2020,82,-13.7,-76.22,64.4,2.24
523,Nizhneyansk,20,RU,10/29/2020,66,28.02,-97.52,57,5.82
524,Katghora,0,IN,10/29/2020,66,-33.93,18.42,55.99,19.46
525,Chulman,84,RU,10/29/2020,92,-0.74,-90.35,70,5.99
526,Nikolskoye,100,RU,10/29/2020,89,-46.19,168.86,54,13
527,Dikson,61,RU,10/29/2020,75,-9.8,-139.03,77.83,11.77
528,Sentyabrskiy,75,RU,10/29/2020,76,-53.15,-70.92,48.2,6.93
529,Obluche,0,RU,10/29/2020,58,40.59,23.03,57.2,9.17
530,Wagar,0,SD,10/29/2020,63,-23.12,-134.97,76.15,0.98
531,Aksarka,75,RU,10/29/2020,76,-54.8,-68.3,48.2,16.11
532,Abu Samrah,0,QA,10/29/2020,63,-23.12,-134.97,76.15,0.98
533,Rudnogorsk,61,RU,10/29/2020,75,-9.8,-139.03,77.83,11.77
534,Voloshka,84,RU,10/29/2020,92,-0.74,-90.35,70,5.99
535,Victoria,100,SC,10/29/2020,86,-14.52,-49.14,72.73,3
536,Tarakan,6,ID,10/29/2020,77,-16.48,-151.75,78.8,16.35
537,Udachnyy,0,RU,10/29/2020,66,-33.93,18.42,55.99,19.46
538,Barentsburg,91,SJ,10/29/2020,78,-21.21,-159.78,75.2,12.75
539,Butaritari,75,KI,10/29/2020,76,-53.15,-70.92,48.2,6.93
540,Amderma,0,RU,10/29/2020,93,-34.42,19.23,45,12.28
541,Kalevala,90,RU,10/29/2020,86,42.1,-79.24,35.01,9.17
542,Rapina,0,EE,10/29/2020,63,-23.12,-134.97,76.15,0.98
543,Hirara,0,JP,10/29/2020,63,-23.12,-134.97,76.15,0.98
544,Narasannapeta,6,IN,10/29/2020,77,-16.48,-151.75,78.8,16.35
545,Butaritari,75,KI,10/29/2020,76,-54.8,-68.3,48.2,16.11
546,Ishigaki,100,JP,10/29/2020,89,-46.19,168.86,54,13
547,Deputatskiy,100,RU,10/29/2020,89,-46.19,168.86,54,13
548,Coihaique,0,CL,10/29/2020,26,-20.32,118.57,95,6.93
549,Rikitea,11,PF,10/29/2020,38,-42.78,147.06,73,5.01
550,Rikitea,90,PF,10/29/2020,76,-37.83,140.77,55.4,16.11
551,Lebu,20,CL,10/29/2020,56,-20.41,57.7,69.8,14.99
552,Avera,0,PF,10/29/2020,26,-20.32,118.57,95,6.93
553,Vaini,100,TO,10/29/2020,89,-46.6,168.33,54,13
554,Boca Do Acre,20,BR,10/29/2020,81,-33.92,25.57,51.8,5.82
555,Ushuaia,1,AR,10/29/2020,15,-25.24,130.99,77,11.41
556,Rikitea,100,PF,10/29/2020,66,-33.65,115.33,69.21,9.51
557,Chuy,20,UY,10/29/2020,56,-20.34,57.76,70,14.99
558,Puerto Ayora,61,EC,10/29/2020,62,-8.62,122.21,86.4,3
559,Avarua,20,CK,10/29/2020,70,-9.43,159.95,87.8,9.17
560,Ushuaia,74,AR,10/29/2020,81,-15.2,12.15,72.63,6.89
561,Jamestown,100,SH,10/29/2020,96,-42.72,170.97,58.59,10.16
562,Punta Arenas,85,CL,10/29/2020,51,-14.88,47.99,74.25,13.18
563,Rikitea,100,PF,10/29/2020,73,-0.6,73.08,83.79,9.89
564,Punta Arenas,100,CL,10/29/2020,66,-33.65,115.33,69.21,9.51
565,Ushuaia,90,AR,10/29/2020,100,-35.35,150.47,63,8.05
566,Ushuaia,20,AR,10/29/2020,48,-42.88,147.33,73,13.87
567,Rikitea,20,PF,10/29/2020,56,-20.41,57.7,69.8,14.99
568,Rikitea,0,PF,10/29/2020,93,-34.42,19.23,45,12.28
569,Punta Arenas,100,CL,10/29/2020,66,-33.65,115.33,69.21,9.51
570,Arraial Do Cabo,22,BR,10/29/2020,76,-34.53,20.04,50,2.37
571,Cape Town,77,ZA,10/29/2020,78,-14.27,50.17,70.81,14.09
572,Mataura,100,PF,10/29/2020,87,-45.87,170.5,55.99,1.99
573,Rikitea,100,PF,10/29/2020,66,-33.65,115.33,69.21,9.51
574,Samusu,100,WS,10/29/2020,87,-45.42,167.72,55.9,3.83
575,Mataura,100,PF,10/29/2020,66,-33.65,115.33,69.21,9.51
576,Punta Arenas,22,CL,10/29/2020,76,-34.53,20.04,50,2.37
577,Vaini,20,TO,10/29/2020,48,-42.88,147.33,73,13.87
578,Pimenta Bueno,89,BR,10/29/2020,65,-33.59,26.89,60.01,3.69
579,Lebu,11,CL,10/29/2020,38,-42.78,147.06,73,5.01
580,Vaini,20,TO,10/29/2020,81,-33.92,25.57,51.8,5.82
581,Ushuaia,55,AR,10/29/2020,69,-34.73,135.87,60.96,13.73
582,Ushuaia,0,AR,10/29/2020,93,-34.42,19.23,45,12.28
583,Satitoa,20,WS,10/29/2020,48,-42.88,147.33,73,13.87
584,Castro,46,CL,10/29/2020,87,-22.67,167.48,74.44,14.2
585,Puerto Ayora,100,EC,10/29/2020,87,-45.42,167.72,55.9,3.83
586,Ushuaia,90,AR,10/29/2020,68,-28.77,114.6,71.6,13.87
587,Paragominas,40,BR,10/29/2020,64,-21.36,55.77,68,9.17
588,Caravelas,20,BR,10/29/2020,48,-42.88,147.33,73,13.87
589,Rikitea,20,PF,10/29/2020,56,-20.34,57.76,70,14.99
590,Mar Del Plata,100,AR,10/29/2020,66,-33.65,115.33,69.21,9.51
591,Punta Arenas,0,CL,10/29/2020,93,-34.42,19.23,45,12.28
592,Sullana,0,PE,10/29/2020,94,-34,24.73,48.99,2.75
593,Rikitea,54,PF,10/29/2020,85,-37.02,175.85,69.01,4
594,Rikitea,100,PF,10/29/2020,89,-46.13,167.68,54,13
595,Vaini,20,TO,10/29/2020,48,-42.88,147.33,73,13.87
596,Punta Arenas,72,CL,10/29/2020,88,42.6,-73.97,33.01,3.15
597,Samusu,94,WS,10/29/2020,71,6.12,81.12,81.75,5.53
598,Laguna,97,BR,10/29/2020,57,-19.57,18.12,70.25,10.02
599,Sao Joao Da Barra,100,BR,10/29/2020,66,-33.65,115.33,69.21,9.51
600,Rikitea,74,PF,10/29/2020,81,-15.2,12.15,72.63,6.89
601,Georgetown,40,SH,10/29/2020,64,-21.15,55.28,68,9.17
602,Ushuaia,20,AR,10/29/2020,48,-42.88,147.33,73,13.87
603,Chuy,100,UY,10/29/2020,89,-46.6,168.33,54,13
604,Punta Arenas,20,CL,10/29/2020,48,-42.88,147.33,73,13.87
605,Jamestown,89,SH,10/29/2020,65,-33.59,26.89,60.01,3.69
606,Mar Del Plata,0,AR,10/29/2020,62,-19.17,46.73,51.94,5.37
607,Lebu,40,CL,10/29/2020,64,-21.36,55.77,68,9.17
608,Mataura,20,PF,10/29/2020,81,-33.92,25.57,51.8,5.82
609,Rikitea,0,PF,10/29/2020,94,-34,24.73,48.99,2.75
610,Puerto Ayora,89,EC,10/29/2020,65,-33.59,26.89,60.01,3.69
611,Ushuaia,100,AR,10/29/2020,66,-33.65,115.33,69.21,9.51
612,Punta Arenas,100,CL,10/29/2020,90,51.03,-4.22,57,13
613,Rikitea,22,PF,10/29/2020,76,-34.53,20.04,50,2.37
614,Rikitea,20,PF,10/29/2020,56,-20.41,57.7,69.8,14.99
615,Punta Arenas,72,CL,10/29/2020,88,42.6,-73.97,33.01,3.15
616,Pisco,57,PE,10/29/2020,54,-1.4,120.75,89.38,3.85
617,Punta Arenas,100,CL,10/29/2020,66,-33.65,115.33,69.21,9.51
618,Chuy,0,UY,10/29/2020,24,-33.87,121.9,82.4,21.92
619,Ushuaia,20,AR,10/29/2020,48,-42.88,147.33,73,13.87
620,Punta Arenas,20,CL,10/29/2020,48,-42.88,147.33,73,13.87
621,Rikitea,0,PF,10/29/2020,17,-23.7,133.88,77,6.93
622,Georgetown,90,SH,10/29/2020,76,-37.83,140.77,55.4,16.11
623,Ushuaia,94,AR,10/29/2020,65,-6.87,109.04,84.74,3.11
624,Mataura,1,PF,10/29/2020,15,-25.24,130.99,77,11.41
625,Samusu,100,WS,10/29/2020,66,-33.65,115.33,69.21,9.51
626,Piacabucu,20,BR,10/29/2020,56,-20.34,57.76,70,14.99
627,Leopoldina,72,BR,10/29/2020,88,42.6,-73.97,33.01,3.15
628,Olinda,100,BR,10/29/2020,87,-45.42,167.72,55.9,3.83
629,Faanui,97,PF,10/29/2020,69,-0.88,131.25,87.4,13.27
630,Novo Aripuana,20,BR,10/29/2020,56,-20.52,57.52,69.8,14.99
631,Cape Town,94,ZA,10/29/2020,30,-15.77,128.73,98.6,5.82
632,Georgetown,20,SH,10/29/2020,56,-20.34,57.76,70,14.99
633,Rikitea,89,PF,10/29/2020,65,-33.59,26.89,60.01,3.69
634,Jamestown,100,SH,10/29/2020,89,-46.6,168.33,54,13
635,Atuona,55,PF,10/29/2020,69,-34.73,135.87,60.96,13.73
636,Ushuaia,100,AR,10/29/2020,89,-46.6,168.33,54,13
637,Ushuaia,3,AR,10/29/2020,82,-10.16,32.63,58.23,0.92
638,Avarua,45,CK,10/29/2020,63,22.29,114.16,75.99,3
639,General Roca,100,AR,10/29/2020,66,-33.65,115.33,69.21,9.51
640,Atuona,0,PF,10/29/2020,76,-33.01,17.94,50,6.93
641,Mataura,89,PF,10/29/2020,65,-33.59,26.89,60.01,3.69
642,Lebu,100,CL,10/29/2020,90,-1.57,9.26,76.77,5.84
643,Avarua,11,CK,10/29/2020,38,-42.78,147.06,73,5.01
644,Mataura,20,PF,10/29/2020,56,-20.34,57.76,70,14.99
645,Iquique,89,CL,10/29/2020,65,-33.59,26.89,60.01,3.69
646,Vaini,0,TO,10/29/2020,97,42.08,-72.03,27,3.69
647,Ushuaia,94,AR,10/29/2020,30,-15.77,128.73,98.6,5.82
648,Arraial Do Cabo,72,BR,10/29/2020,88,42.6,-73.97,33.01,3.15
649,Neuquen,47,AR,10/29/2020,85,-4.13,37.95,67.21,0.18
650,Mataura,11,PF,10/29/2020,38,-42.78,147.06,73,5.01
651,Arraial Do Cabo,72,BR,10/29/2020,88,42.6,-73.97,33.01,3.15
652,Rikitea,20,PF,10/29/2020,81,-33.92,25.57,51.8,5.82
653,Rikitea,100,PF,10/29/2020,100,-35.72,150.18,61,4
654,Mataura,72,PF,10/29/2020,88,42.6,-73.97,33.01,3.15
655,Rikitea,75,PF,10/29/2020,93,-33.02,27.91,57.2,5.82
656,Mataura,86,PF,10/29/2020,69,-3.8,102.27,83.14,3.04
657,Rikitea,0,PF,10/29/2020,93,-34.42,19.23,45,12.28
658,Ushuaia,100,AR,10/29/2020,66,-33.65,115.33,69.21,9.51
659,Ushuaia,72,AR,10/29/2020,88,42.6,-73.97,33.01,3.15
660,Vaini,100,TO,10/29/2020,88,-46.28,169.85,57,8.99
661,Rikitea,11,PF,10/29/2020,38,-42.78,147.06,73,5.01
662,Jamestown,0,SH,10/29/2020,43,-20.74,116.85,87.31,12.3
663,Avarua,0,CK,10/29/2020,76,-33.01,17.94,50,6.93
664,Jamestown,90,SH,10/29/2020,67,-31.95,141.43,62.6,16.11
665,Castro,0,CL,10/29/2020,70,-25.17,45.05,63.63,10.78
666,Castro,100,CL,10/29/2020,89,-46.6,168.33,54,13
667,Mataura,0,PF,10/29/2020,66,-33.93,18.42,55.99,19.46
668,Ushuaia,90,AR,10/29/2020,80,42.25,-75.83,30.2,2.21
669,Punta Arenas,72,CL,10/29/2020,88,42.6,-73.97,33.01,3.15
670,Potosi,72,BO,10/29/2020,88,42.6,-73.97,33.01,3.15
671,Rikitea,12,PF,10/29/2020,55,-31.43,152.92,84.99,1.99
672,Vaini,45,TO,10/29/2020,63,22.29,114.16,75.99,3
673,Mataura,78,PF,10/29/2020,70,-10.45,161.92,82.94,3.65
674,Alofi,86,NU,10/29/2020,69,-3.8,102.27,83.14,3.04
675,Atuona,100,PF,10/29/2020,66,-33.65,115.33,69.21,9.51
676,Mataura,30,PF,10/29/2020,50,-10.17,123.58,90.84,7.27
677,Rikitea,66,PF,10/29/2020,89,-22.12,14.28,53.01,6.08
678,Ushuaia,79,AR,10/29/2020,65,-24.87,113.63,77,13.33
679,Ushuaia,100,AR,10/29/2020,61,-26.65,15.16,58.64,25.68
680,Mataura,0,PF,10/29/2020,68,-22.42,27.4,71.6,11.41
681,Tamandare,72,BR,10/29/2020,88,42.6,-73.97,33.01,3.15
682,Hihifo,72,TO,10/29/2020,88,42.6,-73.97,33.01,3.15
683,Ushuaia,0,AR,10/29/2020,93,-34.42,19.23,45,12.28
684,Vaini,72,TO,10/29/2020,88,42.6,-73.97,33.01,3.15
685,Aracati,0,BR,10/29/2020,66,-33.93,18.42,55.99,19.46
686,Constitucion,72,CL,10/29/2020,88,42.6,-73.97,33.01,3.15
687,Luderitz,58,NA,10/29/2020,62,-26.72,27.1,64.02,9.1
688,Mataura,100,PF,10/29/2020,89,-46.6,168.33,54,13
689,Rikitea,20,PF,10/29/2020,48,-42.88,147.33,73,13.87
690,Rikitea,100,PF,10/29/2020,66,-33.65,115.33,69.21,9.51
691,Rikitea,11,PF,10/29/2020,38,-42.78,147.06,73,5.01
692,Punta Arenas,1,CL,10/29/2020,93,39.2,-84.43,39.99,4.18
693,Vaini,20,TO,10/29/2020,56,-20.41,57.7,69.8,14.99
694,Vaini,0,TO,10/29/2020,94,-34,24.73,48.99,2.75
695,Rikitea,1,PF,10/29/2020,75,38.58,-90.41,46,8.05
696,Ushuaia,89,AR,10/29/2020,65,-33.59,26.89,60.01,3.69
697,Ushuaia,20,AR,10/29/2020,46,-16.1,46.63,71.6,9.17
698,Vaini,22,TO,10/29/2020,76,-34.53,20.04,50,2.37
699,Marcona,72,PE,10/29/2020,88,42.6,-73.97,33.01,3.15
700,Arraial Do Cabo,89,BR,10/29/2020,64,-17.47,16.33,75.2,12.75
701,Rikitea,0,PF,10/29/2020,56,-19.98,57.61,70,10
702,Ushuaia,92,AR,10/29/2020,71,5.95,80.54,82.96,7.83
703,Rawson,20,AR,10/29/2020,48,-42.88,147.33,73,13.87
704,Laguna,22,BR,10/29/2020,76,-34.53,20.04,50,2.37
705,Puerto Ayora,0,EC,10/29/2020,13,-20.73,139.5,86,6.93
706,Jamestown,72,SH,10/29/2020,88,42.6,-73.97,33.01,3.15
707,Ushuaia,100,AR,10/29/2020,89,-46.6,168.33,54,13
708,Punta Arenas,100,CL,10/29/2020,87,-45.42,167.72,55.9,3.83
709,Puerto Ayora,0,EC,10/29/2020,84,-28.55,16.43,55.62,15.95
710,Rikitea,1,PF,10/29/2020,15,-25.24,130.99,77,11.41
711,Georgetown,100,SH,10/29/2020,89,-46.6,168.33,54,13
712,Ushuaia,72,AR,10/29/2020,88,42.6,-73.97,33.01,3.15
713,Comodoro Rivadavia,86,AR,10/29/2020,69,-3.8,102.27,83.14,3.04
714,Punta Arenas,1,CL,10/29/2020,15,-25.24,130.99,77,11.41
715,Ushuaia,72,AR,10/29/2020,88,42.6,-73.97,33.01,3.15
716,Punta Arenas,20,CL,10/29/2020,81,-33.92,25.57,51.8,5.82
717,Mataura,95,PF,10/29/2020,74,-23.86,35.38,74.44,13.22
718,Punta Arenas,75,CL,10/29/2020,78,-19.55,169.27,80.6,6.93
719,Rikitea,0,PF,10/29/2020,66,-33.93,18.42,55.99,19.46
720,Hermanus,100,ZA,10/29/2020,66,-33.65,115.33,69.21,9.51
721,Lincoln,80,AR,10/29/2020,85,-28.78,32.04,65.93,10.74
722,Avarua,75,CK,10/29/2020,93,-33.02,27.91,57.2,5.82
723,Ushuaia,72,AR,10/29/2020,88,42.6,-73.97,33.01,3.15
724,Atuona,100,PF,10/29/2020,89,-46.6,168.33,54,13
725,San Cristobal,22,EC,10/29/2020,76,-34.53,20.04,50,2.37
726,Punta Arenas,100,CL,10/29/2020,66,-33.65,115.33,69.21,9.51
727,Sao Joao Da Barra,72,BR,10/29/2020,88,42.6,-73.97,33.01,3.15
728,Rikitea,100,PF,10/29/2020,66,-33.65,115.33,69.21,9.51
729,Mataura,100,PF,10/29/2020,88,-46.28,169.85,57,8.99
730,Georgetown,0,SH,10/29/2020,66,-33.93,18.42,55.99,19.46
731,Vaini,0,TO,10/29/2020,17,-23.7,133.88,77,6.93
732,Punta Arenas,90,CL,10/29/2020,80,42.25,-75.83,30.2,2.21
733,Pocone,0,BR,10/29/2020,93,-34.42,19.23,45,12.28
734,Rikitea,40,PF,10/29/2020,64,-21.36,55.77,68,9.17
735,Vaini,74,TO,10/29/2020,81,-15.2,12.15,72.63,6.89
736,Punta Arenas,72,CL,10/29/2020,88,42.6,-73.97,33.01,3.15
737,Rikitea,11,PF,10/29/2020,38,-42.78,147.06,73,5.01
738,Alta Floresta,75,BR,10/29/2020,93,-33.02,27.91,57.2,5.82
739,Pitimbu,22,BR,10/29/2020,76,-34.53,20.04,50,2.37
740,Santa Rosa,90,AR,10/29/2020,80,42.25,-75.83,30.2,2.21
741,Lebu,100,CL,10/29/2020,66,-33.65,115.33,69.21,9.51
742,Rikitea,0,PF,10/29/2020,24,-33.87,121.9,82.4,21.92
743,Avarua,86,CK,10/29/2020,69,-3.8,102.27,83.14,3.04
744,Punta Arenas,0,CL,10/29/2020,93,-34.42,19.23,45,12.28
745,Arraial Do Cabo,22,BR,10/29/2020,76,-34.53,20.04,50,2.37
746,Marcona,20,PE,10/29/2020,48,-42.88,147.33,73,13.87
747,Mataura,45,PF,10/29/2020,63,22.29,114.16,75.99,3
748,Presidencia Roque Saenz Pena,20,AR,10/29/2020,48,-42.88,147.33,73,13.87
749,Sataua,90,WS,10/29/2020,86,42.1,-79.24,35.01,9.17
750,Cidreira,1,BR,10/29/2020,62,-8.47,140.33,86.94,14.58
751,Avarua,100,CK,10/29/2020,89,-46.6,168.33,54,13
752,Faanui,100,PF,10/29/2020,87,-45.87,170.5,55.99,1.99
753,Cape Town,75,ZA,10/29/2020,93,-33.02,27.91,57.2,5.82
754,Arraial Do Cabo,0,BR,10/29/2020,94,-34,24.73,48.99,2.75
755,Villazon,20,BO,10/29/2020,56,-20.41,57.7,69.8,14.99
756,Hermanus,100,ZA,10/29/2020,88,-46.28,169.85,57,8.99
757,Mataura,73,PF,10/29/2020,67,-8.57,32.05,63.43,6.44
758,Curaca,100,BR,10/29/2020,97,-2.95,25.95,69.13,1.39
759,Samusu,72,WS,10/29/2020,88,42.6,-73.97,33.01,3.15
760,Vaini,20,TO,10/29/2020,56,-20.41,57.7,69.8,14.99
761,Jamestown,46,SH,10/29/2020,87,-22.67,167.48,74.44,14.2
762,Samusu,75,WS,10/29/2020,62,-27.55,152.28,84.2,10.29
763,Arraial Do Cabo,89,BR,10/29/2020,65,-33.59,26.89,60.01,3.69
764,Coihaique,76,CL,10/29/2020,71,-2.88,108.27,84.45,1.05
765,Formoso Do Araguaia,72,BR,10/29/2020,88,42.6,-73.97,33.01,3.15
766,Cape Town,90,ZA,10/29/2020,76,-37.83,140.77,55.4,16.11
767,San Cristobal,83,EC,10/29/2020,100,-23.94,31.14,66.2,11.41
768,Halalo,72,WF,10/29/2020,88,42.6,-73.97,33.01,3.15
769,Mar Del Plata,100,AR,10/29/2020,89,-46.6,168.33,54,13
770,Ushuaia,75,AR,10/29/2020,87,-33.87,151.21,72,26.4
771,Ushuaia,74,AR,10/29/2020,81,-15.2,12.15,72.63,6.89
772,Puerto Ayora,86,EC,10/29/2020,69,-3.8,102.27,83.14,3.04
773,Rikitea,20,PF,10/29/2020,48,-42.88,147.33,73,13.87
774,Ushuaia,40,AR,10/29/2020,64,-21.37,55.62,68,9.17
775,San Carlos De Bariloche,72,AR,10/29/2020,88,42.6,-73.97,33.01,3.15
776,Sao Joao Da Barra,20,BR,10/29/2020,48,-42.88,147.33,73,13.87
777,Chuy,100,UY,10/29/2020,61,-26.65,15.16,58.64,25.68
778,Rocha,1,UY,10/29/2020,18,-29.47,149.85,80.6,19.82
779,Punta Arenas,100,CL,10/29/2020,34,-24.83,16.98,62.74,7.27
780,Belmonte,100,BR,10/29/2020,73,-0.6,73.08,83.79,9.89
781,Vila Velha,0,BR,10/29/2020,93,-34.42,19.23,45,12.28
782,Punta Arenas,100,CL,10/29/2020,72,-2.57,150.8,83.53,5.97
783,Atuona,22,PF,10/29/2020,76,-34.53,20.04,50,2.37
784,Ushuaia,100,AR,10/29/2020,66,-33.65,115.33,69.21,9.51
785,Punta Arenas,89,CL,10/29/2020,65,-33.59,26.89,60.01,3.69
786,Faanui,89,PF,10/29/2020,65,-33.59,26.89,60.01,3.69
787,Avarua,68,CK,10/29/2020,95,-1.13,12.47,70.54,0.98
788,Rikitea,88,PF,10/29/2020,87,-21.43,47.08,51.69,8.12
789,Mar Del Plata,100,AR,10/29/2020,73,-0.6,73.08,83.79,9.89
790,Rikitea,20,PF,10/29/2020,48,-42.88,147.33,73,13.87
791,Mataura,20,PF,10/29/2020,56,-20.34,57.76,70,14.99
792,Laguna,90,BR,10/29/2020,100,-35.35,150.47,63,8.05
793,Rikitea,100,PF,10/29/2020,73,-0.6,73.08,83.79,9.89
794,Avarua,98,CK,10/29/2020,91,-13.73,15.07,61.29,1.68
795,Atuona,20,PF,10/29/2020,48,-42.88,147.33,73,13.87
796,Rikitea,75,PF,10/29/2020,93,-33.02,27.91,57.2,5.82
797,Puerto Ayora,100,EC,10/29/2020,66,-33.65,115.33,69.21,9.51
798,Rawson,100,AR,10/29/2020,88,-46.28,169.85,57,8.99
799,Rikitea,40,PF,10/29/2020,54,-24.85,152.35,84.2,24.16
800,Mataura,100,PF,10/29/2020,87,-45.42,167.72,55.9,3.83
801,Hermanus,100,ZA,10/29/2020,66,-33.65,115.33,69.21,9.51
802,Rikitea,99,PF,10/29/2020,76,-20.23,164.02,79.02,19.89
803,Rikitea,72,PF,10/29/2020,88,42.6,-73.97,33.01,3.15
804,Bequimao,0,BR,10/29/2020,13,-20.73,139.5,86,6.93
805,Atuona,0,PF,10/29/2020,93,-34.42,19.23,45,12.28
806,Rikitea,100,PF,10/29/2020,61,-26.65,15.16,58.64,25.68
807,Alem Paraiba,20,BR,10/29/2020,48,-42.88,147.33,73,13.87
808,Punta Arenas,0,CL,10/29/2020,49,-20.28,44.28,75.22,11.56
809,Avarua,68,CK,10/29/2020,93,-9.2,25.85,68.94,2.42
810,Puerto Ayora,0,EC,10/29/2020,93,-34.42,19.23,45,12.28
811,Rikitea,100,PF,10/29/2020,61,-26.65,15.16,58.64,25.68
812,Ushuaia,10,AR,10/29/2020,77,45.52,-122.68,52,5.61
813,Terra Santa,100,BR,10/29/2020,89,-46.6,168.33,54,13
814,Rikitea,100,PF,10/29/2020,73,-0.6,73.08,83.79,9.89
815,Ushuaia,0,AR,10/29/2020,43,-20.74,116.85,87.31,12.3
816,Vaini,100,TO,10/29/2020,97,46.43,26.4,42.01,3.94
817,Ushuaia,100,AR,10/29/2020,72,-2.57,150.8,83.53,5.97
818,Punta Arenas,0,CL,10/29/2020,76,-33.01,17.94,50,6.93
819,Olinda,100,BR,10/29/2020,66,-33.65,115.33,69.21,9.51
820,Paita,0,PE,10/29/2020,66,-33.93,18.42,55.99,19.46
821,Viedma,100,AR,10/29/2020,82,-8.19,114.97,77,5.26
822,San Pedro,72,AR,10/29/2020,88,42.6,-73.97,33.01,3.15
823,Xambioa,22,BR,10/29/2020,76,-34.53,20.04,50,2.37
824,Avarua,79,CK,10/29/2020,65,-24.87,113.63,77,13.33
825,Punta Arenas,66,CL,10/29/2020,89,-22.12,14.28,53.01,6.08
826,Mataura,0,PF,10/29/2020,93,-34.42,19.23,45,12.28
827,Avarua,0,CK,10/29/2020,62,-45.58,-72.07,53.6,1.12
828,Ushuaia,0,AR,10/29/2020,63,-23.12,-134.97,76.15,0.98
829,Atuona,0,PF,10/29/2020,81,-38,-57.56,53.01,6.93
830,Rikitea,84,PF,10/29/2020,92,-0.74,-90.35,70,5.99
831,Cidreira,0,BR,10/29/2020,63,-23.12,-134.97,76.15,0.98
832,Ushuaia,3,AR,10/29/2020,90,-37.62,-73.65,51.3,12.88
833,Puerto Ayora,1,EC,10/29/2020,87,33.19,-82.53,55.99,4.7
834,Rikitea,0,PF,10/29/2020,81,-38,-57.56,53.01,6.93
835,Jamestown,40,SH,10/29/2020,74,-21.2,-175.2,78.8,9.17
836,Rikitea,78,PF,10/29/2020,97,-8.75,-67.4,71.94,3.38
837,Paita,75,PE,10/29/2020,76,-54.8,-68.3,48.2,16.11
838,Ushuaia,0,AR,10/29/2020,63,-23.12,-134.97,76.15,0.98
839,Jamestown,99,SH,10/29/2020,87,-33.7,-53.46,53.35,5.73
840,Pisco,84,PE,10/29/2020,92,-0.74,-90.35,70,5.99
841,Avarua,91,CK,10/29/2020,78,-21.21,-159.78,75.2,12.75
842,Jamestown,75,SH,10/29/2020,76,-54.8,-68.3,48.2,16.11
843,Mataura,6,PF,10/29/2020,77,-16.48,-151.75,78.8,16.35
844,Filadelfia,90,PY,10/29/2020,86,42.1,-79.24,35.01,9.17
845,Rikitea,75,PF,10/29/2020,76,-53.15,-70.92,48.2,6.93
846,Castro,0,CL,10/29/2020,63,-23.12,-134.97,76.15,0.98
847,Vaini,75,TO,10/29/2020,76,-53.15,-70.92,48.2,6.93
848,Rikitea,75,PF,10/29/2020,76,-54.8,-68.3,48.2,16.11
849,Halalo,75,WF,10/29/2020,76,-54.8,-68.3,48.2,16.11
850,Rikitea,0,PF,10/29/2020,63,-23.12,-134.97,76.15,0.98
851,Caravelas,0,BR,10/29/2020,63,-23.12,-134.97,76.15,0.98
852,Martinho Campos,75,BR,10/29/2020,76,-53.15,-70.92,48.2,6.93
853,Mataura,100,PF,10/29/2020,81,-22.97,-42.03,71.29,26.82
854,Jamestown,0,SH,10/29/2020,66,-33.93,18.42,55.99,19.46
855,Rikitea,100,PF,10/29/2020,89,-46.19,168.86,54,13
856,Conde,0,BR,10/29/2020,63,-23.12,-134.97,76.15,0.98
857,Vaini,100,TO,10/29/2020,89,-46.19,168.86,54,13
858,Vallenar,75,CL,10/29/2020,76,-53.15,-70.92,48.2,6.93
859,Mataura,40,PF,10/29/2020,74,-21.2,-175.2,78.8,9.17
860,Rocha,100,UY,10/29/2020,96,-11.67,-61.19,73.35,3.94
861,Coreau,3,BR,10/29/2020,90,-37.62,-73.65,51.3,12.88
862,Punta Arenas,40,CL,10/29/2020,74,-21.2,-175.2,78.8,9.17
863,Humberto De Campos,75,BR,10/29/2020,76,-54.8,-68.3,48.2,16.11
864,Rikitea,75,PF,10/29/2020,76,-54.8,-68.3,48.2,16.11
865,Mar Del Plata,100,AR,10/29/2020,93,-24.79,-50.01,51.76,10
866,Mataura,84,PF,10/29/2020,92,-0.74,-90.35,70,5.99
867,Puerto Ayora,90,EC,10/29/2020,86,42.1,-79.24,35.01,9.17
868,Punta Arenas,75,CL,10/29/2020,76,-54.8,-68.3,48.2,16.11
869,Mataura,44,PF,10/29/2020,79,-2.97,-47.48,75.22,2.89
870,Rawson,51,AR,10/29/2020,86,-17.71,-39.25,75.27,7.05
871,Samalaeulu,0,WS,10/29/2020,63,-23.12,-134.97,76.15,0.98
872,Atuona,0,PF,10/29/2020,81,-38,-57.56,53.01,6.93
873,Rikitea,75,PF,10/29/2020,76,-53.15,-70.92,48.2,6.93
874,Arraial Do Cabo,100,BR,10/29/2020,77,-4.9,-80.69,65.53,8.19
875,Rikitea,0,PF,10/29/2020,63,-23.12,-134.97,76.15,0.98
876,Punta Arenas,0,CL,10/29/2020,63,-23.12,-134.97,76.15,0.98
877,Ushuaia,40,AR,10/29/2020,74,-21.2,-175.2,78.8,9.17
878,Ushuaia,75,AR,10/29/2020,76,-53.15,-70.92,48.2,6.93
879,Ancud,1,CL,10/29/2020,58,38.42,-121.42,64.99,2.3
880,Ushuaia,100,AR,10/29/2020,96,-21.64,-41.05,72.55,1.19
881,Puerto Ayora,0,EC,10/29/2020,63,-23.12,-134.97,76.15,0.98
882,Maceio,20,BR,10/29/2020,74,5.41,100.34,87.8,5.82
883,Japura,75,BR,10/29/2020,76,-54.8,-68.3,48.2,16.11
884,Atuona,99,PF,10/29/2020,87,-33.7,-53.46,53.35,5.73
885,Vaini,75,TO,10/29/2020,76,-53.15,-70.92,48.2,6.93
886,Arraial Do Cabo,90,BR,10/29/2020,86,42.1,-79.24,35.01,9.17
887,Rikitea,0,PF,10/29/2020,81,-38,-57.56,53.01,6.93
888,Cape Town,3,ZA,10/29/2020,90,-37.62,-73.65,51.3,12.88
889,Cape Town,100,ZA,10/29/2020,89,-46.19,168.86,54,13
890,Vaini,0,TO,10/29/2020,63,-23.12,-134.97,76.15,0.98
891,Castro,84,CL,10/29/2020,92,-0.74,-90.35,70,5.99
892,Rikitea,75,PF,10/29/2020,76,-54.8,-68.3,48.2,16.11
893,Santiago De Cao,75,PE,10/29/2020,76,-53.15,-70.92,48.2,6.93
894,Punta Arenas,0,CL,10/29/2020,63,-23.12,-134.97,76.15,0.98
895,Sao Joao Da Barra,0,BR,10/29/2020,63,-23.12,-134.97,76.15,0.98
896,Punta Arenas,75,CL,10/29/2020,76,-53.15,-70.92,48.2,6.93
897,Punta Arenas,90,CL,10/29/2020,82,-13.7,-76.22,64.4,2.24
898,Rikitea,75,PF,10/29/2020,76,-53.15,-70.92,48.2,6.93
899,Cape Town,90,ZA,10/29/2020,82,-13.7,-76.22,64.4,2.24
900,Puerto Madryn,99,AR,10/29/2020,87,-33.7,-53.46,53.35,5.73
901,Avarua,75,CK,10/29/2020,76,-54.8,-68.3,48.2,16.11
902,Georgetown,75,SH,10/29/2020,76,-53.15,-70.92,48.2,6.93
903,Rawson,0,AR,10/29/2020,63,-23.12,-134.97,76.15,0.98
904,Castro,20,CL,10/29/2020,74,5.41,100.34,87.8,5.82
905,Mar Del Plata,75,AR,10/29/2020,76,-54.8,-68.3,48.2,16.11
906,Avarua,100,CK,10/29/2020,89,-46.19,168.86,54,13
907,Atuona,88,PF,10/29/2020,86,-10.41,-36.43,76.57,11.81
908,Goya,100,AR,10/29/2020,99,-21.53,-42.64,66.99,3
909,Mataura,40,PF,10/29/2020,78,-8.01,-34.86,80.6,9.17
910,Samusu,6,WS,10/29/2020,77,-16.48,-151.75,78.8,16.35
911,Mataura,0,PF,10/29/2020,63,-23.12,-134.97,76.15,0.98
912,Rikitea,98,PF,10/29/2020,87,-5.12,-60.38,75.47,1.92
913,Mataura,0,PF,10/29/2020,66,-33.93,18.42,55.99,19.46
914,Jamestown,20,SH,10/29/2020,74,5.41,100.34,87.8,5.82
915,Punta Arenas,0,CL,10/29/2020,63,-23.12,-134.97,76.15,0.98
916,Ushuaia,90,AR,10/29/2020,86,42.1,-79.24,35.01,9.17
917,San Martin,61,AR,10/29/2020,75,-9.8,-139.03,77.83,11.77
918,Laguna,75,BR,10/29/2020,76,-54.8,-68.3,48.2,16.11
919,Rikitea,75,PF,10/29/2020,76,-54.8,-68.3,48.2,16.11
920,Mataura,91,PF,10/29/2020,78,-21.21,-159.78,75.2,12.75
921,Rikitea,0,PF,10/29/2020,30,-39.03,-67.58,68,5.82
922,Rikitea,61,PF,10/29/2020,75,-9.8,-139.03,77.83,11.77
923,Mataura,100,PF,10/29/2020,89,-46.19,168.86,54,13
924,Castro,3,CL,10/29/2020,90,-37.62,-73.65,51.3,12.88
925,Ushuaia,91,AR,10/29/2020,78,-21.21,-159.78,75.2,12.75
926,Jamestown,100,SH,10/29/2020,89,-46.19,168.86,54,13
927,Diego De Almagro,61,CL,10/29/2020,75,-9.8,-139.03,77.83,11.77
928,Trinidad,40,BO,10/29/2020,77,-20.22,-70.14,62.6,10.29
929,Arraial Do Cabo,40,BR,10/29/2020,74,-21.2,-175.2,78.8,9.17
930,Ushuaia,75,AR,10/29/2020,76,-54.8,-68.3,48.2,16.11
931,Ushuaia,100,AR,10/29/2020,81,-22.97,-42.03,71.29,26.82
932,Lebu,0,CL,10/29/2020,30,-38.95,-68.06,68,5.82
933,Atuona,100,PF,10/29/2020,89,-46.19,168.86,54,13
934,Arraial Do Cabo,100,BR,10/29/2020,81,-22.97,-42.03,71.29,26.82
935,Doctor Pedro P. Pena,75,PY,10/29/2020,76,-54.8,-68.3,48.2,16.11
936,Jamestown,0,SH,10/29/2020,63,-23.12,-134.97,76.15,0.98
937,Mataura,0,PF,10/29/2020,63,-23.12,-134.97,76.15,0.98
938,Atuona,100,PF,10/29/2020,89,-46.19,168.86,54,13
939,Sao Joao Da Barra,0,BR,10/29/2020,63,-23.12,-134.97,76.15,0.98
940,Trelew,0,AR,10/29/2020,63,-23.12,-134.97,76.15,0.98
941,Vaini,100,TO,10/29/2020,89,-46.19,168.86,54,13
942,Ushuaia,0,AR,10/29/2020,63,-23.12,-134.97,76.15,0.98
943,Mar Del Plata,75,AR,10/29/2020,76,-54.8,-68.3,48.2,16.11
944,Avarua,75,CK,10/29/2020,76,-54.8,-68.3,48.2,16.11
945,Rikitea,0,PF,10/29/2020,63,-23.12,-134.97,76.15,0.98
946,Mataura,0,PF,10/29/2020,63,-23.12,-134.97,76.15,0.98
947,Hermanus,40,ZA,10/29/2020,74,-21.2,-175.2,78.8,9.17
948,Cape Town,0,ZA,10/29/2020,63,-23.12,-134.97,76.15,0.98
949,Punta Arenas,90,CL,10/29/2020,86,42.1,-79.24,35.01,9.17
950,Jamestown,91,SH,10/29/2020,78,-21.21,-159.78,75.2,12.75
951,Mataura,90,PF,10/29/2020,86,42.1,-79.24,35.01,9.17
952,Cidreira,100,BR,10/29/2020,93,-24.79,-50.01,51.76,10
953,Castro,100,CL,10/29/2020,93,-24.79,-50.01,51.76,10
954,Jamestown,100,SH,10/29/2020,89,-46.19,168.86,54,13
955,Jamestown,75,SH,10/29/2020,76,-54.8,-68.3,48.2,16.11
956,Avarua,75,CK,10/29/2020,76,-53.15,-70.92,48.2,6.93
957,Jamestown,58,SH,10/29/2020,75,-19.58,-65.75,43.68,6.35
958,Uyuni,0,BO,10/29/2020,63,-23.12,-134.97,76.15,0.98
959,Faanui,40,PF,10/29/2020,74,-21.2,-175.2,78.8,9.17
960,Rikitea,100,PF,10/29/2020,89,-46.19,168.86,54,13
961,Hermanus,90,ZA,10/29/2020,78,-19.06,-169.92,77,16.11
962,Rikitea,61,PF,10/29/2020,75,-9.8,-139.03,77.83,11.77
963,Cabedelo,91,BR,10/29/2020,78,-21.21,-159.78,75.2,12.75
964,Ushuaia,100,AR,10/29/2020,89,-46.19,168.86,54,13
965,Jamestown,0,SH,10/29/2020,63,-23.12,-134.97,76.15,0.98
966,Coahuayana,75,MX,10/29/2020,76,-54.8,-68.3,48.2,16.11
967,Ushuaia,75,AR,10/29/2020,76,-54.8,-68.3,48.2,16.11
968,Sechura,100,PE,10/29/2020,89,-46.19,168.86,54,13
969,Rikitea,100,PF,10/29/2020,87,-8.76,-35.1,76.95,9.48
970,Ushuaia,75,AR,10/29/2020,76,-54.8,-68.3,48.2,16.11
971,Ushuaia,40,AR,10/29/2020,74,-21.2,-175.2,78.8,9.17
972,Lebu,67,CL,10/29/2020,81,-4.56,-37.77,78.57,10.83
973,Vaini,0,TO,10/29/2020,70,-35.33,-72.42,57.52,7.2
974,Cape Town,100,ZA,10/29/2020,61,-26.65,15.16,58.64,25.68
975,Atuona,100,PF,10/29/2020,89,-46.19,168.86,54,13
976,Atuona,0,PF,10/29/2020,63,-23.12,-134.97,76.15,0.98
977,Samusu,20,WS,10/29/2020,74,5.41,100.34,87.8,5.82
978,Rikitea,0,PF,10/29/2020,63,-23.12,-134.97,76.15,0.98
979,Punta Arenas,0,CL,10/29/2020,63,-23.12,-134.97,76.15,0.98
980,Sao Joao Da Barra,75,BR,10/29/2020,76,-53.15,-70.92,48.2,6.93
981,Sao Jose Da Coroa Grande,40,BR,10/29/2020,74,-21.2,-175.2,78.8,9.17
982,Mataura,40,PF,10/29/2020,74,-21.2,-175.2,78.8,9.17
983,Vaini,0,TO,10/29/2020,63,-23.12,-134.97,76.15,0.98
984,Ushuaia,75,AR,10/29/2020,76,-54.8,-68.3,48.2,16.11
985,Punta Arenas,75,CL,10/29/2020,76,-54.8,-68.3,48.2,16.11
986,Touros,40,BR,10/29/2020,74,-21.2,-175.2,78.8,9.17
987,Puerto Ayora,100,EC,10/29/2020,81,-22.97,-42.03,71.29,26.82
988,Saleaula,0,WS,10/29/2020,63,-23.12,-134.97,76.15,0.98
989,Rikitea,75,PF,10/29/2020,76,-54.8,-68.3,48.2,16.11
990,Mar Del Plata,0,AR,10/29/2020,35,-43.3,-65.1,61.45,11.88
991,Ushuaia,1,AR,10/29/2020,58,38.42,-121.42,64.99,2.3
992,Tacuarembo,84,UY,10/29/2020,92,-0.74,-90.35,70,5.99
993,Avarua,90,CK,10/29/2020,86,42.1,-79.24,35.01,9.17
994,Punta Arenas,75,CL,10/29/2020,76,-54.8,-68.3,48.2,16.11
995,Comodoro Rivadavia,75,AR,10/29/2020,76,-53.15,-70.92,48.2,6.93
996,Arraial Do Cabo,84,BR,10/29/2020,92,-0.74,-90.35,70,5.99
997,Ancud,0,CL,10/29/2020,63,-23.12,-134.97,76.15,0.98
998,Mapiri,20,BO,10/29/2020,74,5.41,100.34,87.8,5.82
999,Ushuaia,75,AR,10/29/2020,76,-54.8,-68.3,48.2,16.11
1000,Chicama,0,PE,10/29/2020,38,-45.87,-67.5,59.05,7.52
1001,Rikitea,75,PF,10/29/2020,76,-53.15,-70.92,48.2,6.93
1002,Puerto Ayora,75,EC,10/29/2020,76,-54.8,-68.3,48.2,16.11
1003,Punta Arenas,75,CL,10/29/2020,76,-53.15,-70.92,48.2,6.93
1004,Caravelas,100,BR,10/29/2020,89,-46.19,168.86,54,13
1005,Rikitea,75,PF,10/29/2020,76,-53.15,-70.92,48.2,6.93
1006,Ushuaia,0,AR,10/29/2020,63,-23.12,-134.97,76.15,0.98
1007,Georgetown,0,SH,10/29/2020,93,-34.42,19.23,45,12.28
1008,Mataura,1,PF,10/29/2020,53,40.8,-96.67,51.8,9.17
1009,Mataura,91,PF,10/29/2020,78,-21.21,-159.78,75.2,12.75
1010,Sao Geraldo Do Araguaia,75,BR,10/29/2020,76,-54.8,-68.3,48.2,16.11
1011,Castro,61,CL,10/29/2020,75,-9.8,-139.03,77.83,11.77
1012,Punta Arenas,98,CL,10/29/2020,91,7.77,-72.22,68.07,1.74
1013,Vaini,75,TO,10/29/2020,76,-53.15,-70.92,48.2,6.93
1014,Cape Town,100,ZA,10/29/2020,96,-21.64,-41.05,72.55,1.19
1015,Avarua,0,CK,10/29/2020,63,-23.12,-134.97,76.15,0.98
1016,Mataura,100,PF,10/29/2020,89,-46.19,168.86,54,13
1017,Rikitea,20,PF,10/29/2020,74,5.41,100.34,87.8,5.82
1018,Jamestown,40,SH,10/29/2020,74,-21.2,-175.2,78.8,9.17
1019,Valdivia,75,CL,10/29/2020,76,-53.15,-70.92,48.2,6.93
1020,Constitucion,100,CL,10/29/2020,71,-16.26,-56.62,72.48,4.81
1021,Pimentel,0,PE,10/29/2020,63,-23.12,-134.97,76.15,0.98
1022,Mataura,40,PF,10/29/2020,74,-21.2,-175.2,78.8,9.17
1023,Mataura,75,PF,10/29/2020,76,-53.15,-70.92,48.2,6.93
1024,Jamestown,0,SH,10/29/2020,63,-23.12,-134.97,76.15,0.98
1025,Rikitea,40,PF,10/29/2020,74,-21.2,-175.2,78.8,9.17
1026,Arraial Do Cabo,100,BR,10/29/2020,91,-9.88,-56.09,72.46,3.11
1027,Santa Maria,40,PY,10/29/2020,88,-7.47,-34.81,77,5.82
1028,Puerto Ayora,40,EC,10/29/2020,58,14.31,121.11,91.99,10.29
1029,Puerto Ayora,3,EC,10/29/2020,90,-37.62,-73.65,51.3,12.88
1030,Vaitupu,0,WF,10/29/2020,63,-23.12,-134.97,76.15,0.98
1031,Ilhabela,91,BR,10/29/2020,78,-21.21,-159.78,75.2,12.75
1032,Arraial Do Cabo,75,BR,10/29/2020,76,-53.15,-70.92,48.2,6.93
1033,Mar Del Plata,75,AR,10/29/2020,76,-53.15,-70.92,48.2,6.93
1034,Mataura,100,PF,10/29/2020,81,-22.97,-42.03,71.29,26.82
1035,San Cristobal,75,EC,10/29/2020,76,-53.15,-70.92,48.2,6.93
1036,Vila Velha,100,BR,10/29/2020,89,-46.19,168.86,54,13
1037,Vaini,0,TO,10/29/2020,81,-26.79,-60.44,57.69,5.23
1038,Rikitea,76,PF,10/29/2020,69,-30.18,-50.21,63.23,9.71
1039,Jamestown,91,SH,10/29/2020,78,-21.21,-159.78,75.2,12.75
1040,Castro,6,CL,10/29/2020,77,-16.48,-151.75,78.8,16.35
1041,Coquimbo,0,CL,10/29/2020,66,-33.93,18.42,55.99,19.46
1042,Ushuaia,100,AR,10/29/2020,81,-22.97,-42.03,71.29,26.82
1043,Hermanus,4,ZA,10/29/2020,68,-22.09,-65.59,43.74,8.77
1044,Punta Arenas,0,CL,10/29/2020,93,-34.42,19.23,45,12.28
1045,Mar Del Plata,100,AR,10/29/2020,89,-46.19,168.86,54,13
1046,Mataura,96,PF,10/29/2020,65,-8.99,-39.91,79.18,18.9
1047,Saleaula,40,WS,10/29/2020,74,-21.2,-175.2,78.8,9.17
1048,Mataura,90,PF,10/29/2020,86,42.1,-79.24,35.01,9.17
1049,Haapiti,100,PF,10/29/2020,81,-22.97,-42.03,71.29,26.82
1050,Cape Town,0,ZA,10/29/2020,62,-45.58,-72.07,53.6,1.12
1051,Mataura,0,PF,10/29/2020,66,-33.93,18.42,55.99,19.46
1052,Rikitea,91,PF,10/29/2020,78,-21.21,-159.78,75.2,12.75
1053,Rikitea,98,PF,10/29/2020,91,7.77,-72.22,68.07,1.74
1054,Necochea,0,AR,10/29/2020,81,-38,-57.56,53.01,6.93
1055,Vila Velha,75,BR,10/29/2020,76,-54.8,-68.3,48.2,16.11
1056,Puerto Ayora,75,EC,10/29/2020,76,-54.8,-68.3,48.2,16.11
1057,Mataura,84,PF,10/29/2020,92,-0.74,-90.35,70,5.99
1058,Jamestown,0,SH,10/29/2020,63,-23.12,-134.97,76.15,0.98
1059,Arraial Do Cabo,75,BR,10/29/2020,76,-54.8,-68.3,48.2,16.11
1060,Ushuaia,0,AR,10/29/2020,66,-33.93,18.42,55.99,19.46
1061,Rikitea,75,PF,10/29/2020,76,-54.8,-68.3,48.2,16.11
1062,Mataura,0,PF,10/29/2020,32,-41.15,-71.31,53.6,8.05
1063,Teavaro,100,PF,10/29/2020,96,-21.64,-41.05,72.55,1.19
1064,Sechura,99,PE,10/29/2020,87,-33.7,-53.46,53.35,5.73
1065,Jacareacanga,64,BR,10/29/2020,90,-34.48,-54.33,44.44,1.19
1066,Castro,75,CL,10/29/2020,76,-53.15,-70.92,48.2,6.93
1067,Chuy,0,UY,10/29/2020,83,-15.86,-38.88,77,8.05
1068,Mataura,90,PF,10/29/2020,94,-20.33,-40.29,75.2,5.82
1069,Vaini,75,TO,10/29/2020,76,-53.15,-70.92,48.2,6.93
1070,Hermanus,61,ZA,10/29/2020,75,-9.8,-139.03,77.83,11.77
1071,Mar Del Plata,75,AR,10/29/2020,76,-54.8,-68.3,48.2,16.11
1072,Ushuaia,75,AR,10/29/2020,76,-53.15,-70.92,48.2,6.93
1073,Coihaique,6,CL,10/29/2020,77,-16.48,-151.75,78.8,16.35
1074,Coquimbo,91,CL,10/29/2020,78,-21.21,-159.78,75.2,12.75
1075,Rikitea,0,PF,10/29/2020,63,-23.12,-134.97,76.15,0.98
1076,Chapada Dos Guimaraes,0,BR,10/29/2020,81,-38,-57.56,53.01,6.93
1077,Chuy,0,UY,10/29/2020,63,-23.12,-134.97,76.15,0.98
1078,Puerto Ayora,100,EC,10/29/2020,89,-46.19,168.86,54,13
1079,Rikitea,1,PF,10/29/2020,58,38.42,-121.42,64.99,2.3
1080,Ushuaia,0,AR,10/29/2020,63,-23.12,-134.97,76.15,0.98
1081,Cape Town,91,ZA,10/29/2020,78,-21.21,-159.78,75.2,12.75
1082,Ushuaia,61,AR,10/29/2020,75,-9.8,-139.03,77.83,11.77
1083,Rikitea,0,PF,10/29/2020,63,-23.12,-134.97,76.15,0.98
1084,Castro,84,CL,10/29/2020,92,-0.74,-90.35,70,5.99
1085,Rikitea,0,PF,10/29/2020,35,-43.3,-65.1,61.45,11.88
1086,Rikitea,0,PF,10/29/2020,63,-23.12,-134.97,76.15,0.98
1087,Puerto Ayora,100,EC,10/29/2020,89,-46.19,168.86,54,13
1088,Pisco,0,PE,10/29/2020,93,-34.42,19.23,45,12.28
1089,San Patricio,0,MX,10/29/2020,63,-23.12,-134.97,76.15,0.98
1090,Cape Town,0,ZA,10/29/2020,63,-23.12,-134.97,76.15,0.98
1091,Puerto Ayora,0,EC,10/29/2020,88,-2.45,-44.78,78.8,10.29
1092,Mataura,61,PF,10/29/2020,75,-9.8,-139.03,77.83,11.77
1093,Atuona,0,PF,10/29/2020,63,-23.12,-134.97,76.15,0.98
1094,Panorama,100,BR,10/29/2020,84,-21.89,-42.7,68.14,5.75
1095,Rikitea,75,PF,10/29/2020,76,-53.15,-70.92,48.2,6.93
1096,Ushuaia,91,AR,10/29/2020,78,-21.21,-159.78,75.2,12.75
1097,Rikitea,84,PF,10/29/2020,92,-0.74,-90.35,70,5.99
1098,Atuona,0,PF,10/29/2020,63,-23.12,-134.97,76.15,0.98
1099,Puerto Ayora,75,EC,10/29/2020,76,-54.8,-68.3,48.2,16.11
1100,Uruacu,100,BR,10/29/2020,80,-2.1,-56.49,79.25,4.59
1101,Faanui,0,PF,10/29/2020,63,-23.12,-134.97,76.15,0.98
1102,Cape Town,75,ZA,10/29/2020,76,-54.8,-68.3,48.2,16.11
1103,Avarua,40,CK,10/29/2020,74,-21.2,-175.2,78.8,9.17
1104,Punta Arenas,75,CL,10/29/2020,76,-54.8,-68.3,48.2,16.11
1105,Hermanus,75,ZA,10/29/2020,76,-53.15,-70.92,48.2,6.93
1106,Jamestown,40,SH,10/29/2020,78,-8.01,-34.86,80.6,9.17
1107,Rikitea,99,PF,10/29/2020,88,-5.09,-81.11,62.74,10.25
1108,Rikitea,2,PF,10/29/2020,37,-40.81,-63,60.01,3
1109,Saleaula,40,WS,10/29/2020,58,14.35,121.02,91.99,10.29
1110,Faanui,100,PF,10/29/2020,90,-6.41,-48.54,74.68,0.81
1111,Ushuaia,91,AR,10/29/2020,78,-21.21,-159.78,75.2,12.75
1112,Mataura,75,PF,10/29/2020,76,-53.15,-70.92,48.2,6.93
1113,Mataura,100,PF,10/29/2020,89,-46.19,168.86,54,13
